akc_id	name	description	sequence	sequence_aa	chain_type	v_call	d_call	j_call	c_call	junction_aa	cdr1_aa	cdr2_aa	cdr3_aa	cdr1_start	cdr1_end	cdr2_start	cdr2_end	cdr3_start	cdr3_end
iedb_receptor:20833-alpha					TRA	TRAV14/DV4				CAMREQEDSNYQLIW			CAMREQEDSNYQLIW						
iedb_receptor:20833-beta					TRB	TRBV6-1				CASSEESYLMNTEAFF	DMNHNSMYW	IYYSASEGTTDKGE	CASSEESYLMNTEAFF						
iedb_receptor:20834-alpha					TRA	TRAV26-1				CIVSRTRRGNKLVF			CIVSRTRRGNKLVF						
iedb_receptor:20834-beta					TRB	TRBV14				CASSQSPGGTQYF	ISGHDNLYW	LLHFVKESKQDESG	CASSQSPGGTQYF						
iedb_receptor:20835-alpha					TRA	TRAV12-3				CATSPPLTQGGSEKLVF			CATSPPLTQGGSEKLVF						
iedb_receptor:20835-beta					TRB	TRBV14				CASSQSPGGTQYF	ISGHDNLYW	LLHFVKESKQDESG	CASSQSPGGTQYF						
iedb_receptor:20836-alpha					TRA	TRAV8-2				CAVEHNTDKLIF			CAVEHNTDKLIF						
iedb_receptor:20836-beta					TRB	TRBV14				CASSQSPGGTQYF	ISGHDNLYW	LLHFVKESKQDESG	CASSQSPGGTQYF						
iedb_receptor:20837-alpha					TRA	TRAV19				CALSLSGYSTLTF			CALSLSGYSTLTF						
iedb_receptor:20837-beta					TRB	TRBV14				CASSQSPGGTQYF	ISGHDNLYW	LLHFVKESKQDESG	CASSQSPGGTQYF						
iedb_receptor:20838-alpha					TRA	TRAV12-3				CAMSSAGGTSYGKLTF			CAMSSAGGTSYGKLTF						
iedb_receptor:20838-beta					TRB	TRBV14				CASSQSPGGTQYF	ISGHDNLYW	LLHFVKESKQDESG	CASSQSPGGTQYF						
iedb_receptor:20839-alpha					TRA	TRAV12-2				CAVIYGNQFYF			CAVIYGNQFYF						
iedb_receptor:20839-beta					TRB	TRBV27				CASSLWVGGSSGANVLTF	NMNHEYMSW	IYYSMNVEVTDKGD	CASSLWVGGSSGANVLTF						
iedb_receptor:20840-alpha					TRA	TRAV9-2				CALYNTDKLIF			CALYNTDKLIF						
iedb_receptor:20840-beta					TRB	TRBV3-1				CASSPTSGSVYEQYF	NLGHDTMYW	MFSYNNKEIIINET	CASSPTSGSVYEQYF						
iedb_receptor:21482-beta					TRB	TRBV10-2		TRBJ2-5		CASSVGPQETQYF	TWSHSYMFW	IYYSAAADITDKGE	CASSVGPQETQYF						
iedb_receptor:21483-beta					TRB	TRBV30		TRBJ2-7		CACAPGQGYEQYF	GTSNPNLYW	LFYSIGIDQISSE	CACAPGQGYEQYF						
iedb_receptor:21484-beta					TRB	TRBV7-9		TRBJ1-3		CAIPTDSSGNTIYF	ISEHNRLYW	LTYFQNEAQLEKSG	CAIPTDSSGNTIYF						
iedb_receptor:21485-beta					TRB	TRBV28				CAIQYRGNQPQHF	DMDHENMFW	IYFSYDVKMKEKGD	CAIQYRGNQPQHF						
iedb_receptor:21486-beta					TRB	TRBV10-3		TRBJ2-5		CAISESSAQETQYF	TENHRYMYW	IHYSYGVKDTDKGE	CAISESSAQETQYF						
iedb_receptor:21487-beta					TRB	TRBV7-8		TRBJ1-2		CANSLSGDYGYTF	ISGHVSLFW	LTYFQNEAQLDKSG	CANSLSGDYGYTF						
iedb_receptor:21488-beta					TRB	TRBV7-8		TRBJ2-7		CANSPTSSTTSYEQYF	ISGHVSLFW	LTYFQNEAQLDKSG	CANSPTSSTTSYEQYF						
iedb_receptor:21489-beta					TRB	TRBV14		TRBJ2-3		CANSQSPGGTQYF	ISGHDNLYW	LLHFVKESKQDESG	CANSQSPGGTQYF						
iedb_receptor:21490-beta					TRB	TRBV14		TRBJ2-3		CARSHSPGGTQYF	ISGHDNLYW	LLHFVKESKQDESG	CARSHSPGGTQYF						
iedb_receptor:21491-beta					TRB	TRBV14		TRBJ2-3		CARSQYPAGTQYF	ISGHDNLYW	LLHFVKESKQDESG	CARSQYPAGTQYF						
iedb_receptor:21492-beta					TRB	TRBV30		TRBJ2-1		CARSRGAVEQFF	GTSNPNLYW	LFYSIGIDQISSE	CARSRGAVEQFF						
iedb_receptor:21493-beta					TRB	TRBV14		TRBJ2-3		CASCQSPGGTQYF	ISGHDNLYW	LLHFVKESKQDESG	CASCQSPGGTQYF						
iedb_receptor:21494-beta					TRB	TRBV19		TRBJ2-1		CASDRANEQFF	NLNHDAMYW	IYYSHIVNDFQKGD	CASDRANEQFF						
iedb_receptor:21495-beta					TRB	TRBV4-1		TRBJ1-1		CASFGGGGRNTEAFF	HMGHRAMYW	MFVYSYEKLSINES	CASFGGGGRNTEAFF						
iedb_receptor:21496-beta					TRB	TRBV12-3		TRBJ2-1		CASGGHNEQFF	ISGHNSLFW	LIYFNNNVPIDDSG	CASGGHNEQFF						
iedb_receptor:21497-beta					TRB	TRBV27		TRBJ2-2		CASGLGTSGGVGELFF	NMNHEYMSW	IYYSMNVEVTDKGD	CASGLGTSGGVGELFF						
iedb_receptor:21498-beta					TRB	TRBV7-7		TRBJ2-1		CASGPYTGGYNEQFF	ISSHATLYW	LTYFNYEAQPDKSG	CASGPYTGGYNEQFF						
iedb_receptor:21499-beta					TRB	TRBV27		TRBJ1-1		CASGQGIAEAFF	NMNHEYMSW	IYYSMNVEVTDKGD	CASGQGIAEAFF						
iedb_receptor:21500-beta					TRB	TRBV4-3		TRBJ1-1		CASGQGRMKENTEAFF	HLGHNAMYW	MFVYSLEERVENNS	CASGQGRMKENTEAFF						
iedb_receptor:21501-beta					TRB	TRBV7-3		TRBJ2-1		CASGRRYNEQFF	ISGHTALYW	LIYFQGTGAADDSG	CASGRRYNEQFF						
iedb_receptor:21502-beta					TRB	TRBV12-3		TRBJ2-2		CASGTGTGELFF	ISGHNSLFW	LIYFNNNVPIDDSG	CASGTGTGELFF						
iedb_receptor:21503-beta					TRB	TRBV19		TRBJ1-6		CASIGQGGSPLHF	NLNHDAMYW	IYYSHIVNDFQKGD	CASIGQGGSPLHF						
iedb_receptor:21504-beta					TRB	TRBV4-1		TRBJ2-1		CASIQMARETDEQFF	HMGHRAMYW	MFVYSYEKLSINES	CASIQMARETDEQFF						
iedb_receptor:21505-beta					TRB	TRBV6-5		TRBJ1-1		CASKDPGWFLAFF	DMNHEYMSW	IHYSVGAGITDQGE	CASKDPGWFLAFF						
iedb_receptor:21506-beta					TRB	TRBV6-1		TRBJ1-1		CASMKYEAFF	DMNHNSMYW	IYYSASEGTTDKGE	CASMKYEAFF						
iedb_receptor:21507-beta					TRB	TRBV14		TRBJ2-3		CASNQSPGGTQYF	ISGHDNLYW	LLHFVKESKQDESG	CASNQSPGGTQYF						
iedb_receptor:21508-beta					TRB	TRBV6-6		TRBJ1-5		CASRDNNQPQHF	DMNHEYMYW	IYYSVGAGITDKGE	CASRDNNQPQHF						
iedb_receptor:21509-beta					TRB	TRBV7-2		TRBJ2-7		CASRDRAPSYEQYF	ISGHTALYW	LIYFQGNSAPDKSG	CASRDRAPSYEQYF						
iedb_receptor:21510-beta					TRB	TRBV7-9		TRBJ2-5		CASRGEEGTQYF	ISEHNRLYW	LTYFQNEAQLEKSG	CASRGEEGTQYF						
iedb_receptor:21511-beta					TRB	TRBV12-3		TRBJ2-2		CASRGSGELFF	ISGHNSLFW	LIYFNNNVPIDDSG	CASRGSGELFF						
iedb_receptor:21512-beta					TRB	TRBV14		TRBJ2-7		CASRLDTAAYEQYF	ISGHDNLYW	LLHFVKESKQDESG	CASRLDTAAYEQYF						
iedb_receptor:21513-beta					TRB	TRBV6-2		TRBJ2-5		CASRLGETQYF	DMNHEYMYW	IHYSVGEGTTAKGE	CASRLGETQYF						
iedb_receptor:21514-beta					TRB	TRBV7-9		TRBJ2-7		CASRLGTDHEQYF	ISEHNRLYW	LTYFQNEAQLEKSG	CASRLGTDHEQYF						
iedb_receptor:21515-beta					TRB	TRBV7-8		TRBJ2-2		CASRLRRAGGDRELFF	ISGHVSLFW	LTYFQNEAQLDKSG	CASRLRRAGGDRELFF						
iedb_receptor:21516-beta					TRB	TRBV12-3		TRBJ2-7		CASRPGQGVYEQYF	ISGHNSLFW	LIYFNNNVPIDDSG	CASRPGQGVYEQYF						
iedb_receptor:21517-beta					TRB	TRBV7-8		TRBJ2-2		CASRPRRAEGDRELFF	ISGHVSLFW	LTYFQNEAQLDKSG	CASRPRRAEGDRELFF						
iedb_receptor:21518-beta					TRB	TRBV7-8		TRBJ2-2		CASRPRRAGGDQELFF	ISGHVSLFW	LTYFQNEAQLDKSG	CASRPRRAGGDQELFF						
iedb_receptor:21519-beta					TRB	TRBV7-8		TRBJ2-2		CASRPRRAGGDRELFF	ISGHVSLFW	LTYFQNEAQLDKSG	CASRPRRAGGDRELFF						
iedb_receptor:21520-beta					TRB	TRBV7-8		TRBJ2-2		CASRPRRAGGDRELLF	ISGHVSLFW	LTYFQNEAQLDKSG	CASRPRRAGGDRELLF						
iedb_receptor:21521-beta					TRB	TRBV7-8		TRBJ2-2		CASRPRRAGGDRGLFF	ISGHVSLFW	LTYFQNEAQLDKSG	CASRPRRAGGDRGLFF						
iedb_receptor:21522-beta					TRB	TRBV7-8		TRBJ2-2		CASRPRRAGGDRKLFF	ISGHVSLFW	LTYFQNEAQLDKSG	CASRPRRAGGDRKLFF						
iedb_receptor:21523-beta					TRB	TRBV7-6		TRBJ2-3		CASRPTGGAGGTDTQYF	ISGHVSLYW	LTYFNYEAQQDKSG	CASRPTGGAGGTDTQYF						
iedb_receptor:21524-beta					TRB	TRBV14		TRBJ2-3		CASRQSPGGTQYF	ISGHDNLYW	LLHFVKESKQDESG	CASRQSPGGTQYF						
iedb_receptor:21525-beta					TRB	TRBV4-1		TRBJ1-1		CASRRTTGANTEAFF	HMGHRAMYW	MFVYSYEKLSINES	CASRRTTGANTEAFF						
iedb_receptor:21531-beta					TRB	TRBV4-3		TRBJ2-7		CASSQERGGKWAYEQYF	HLGHNAMYW	MFVYSLEERVENNS	CASSQERGGKWAYEQYF						
iedb_receptor:21533-beta					TRB	TRBV7-8		TRBJ2-3		CASSPGTDTQYF	ISGHVSLFW	LTYFQNEAQLDKSG	CASSPGTDTQYF						
iedb_receptor:21567-beta					TRB	TRBV28		TRBJ2-2		CASSFSSLNTGELFF	DMDHENMFW	IYFSYDVKMKEKGD	CASSFSSLNTGELFF						
iedb_receptor:21602-beta					TRB	TRBV19		TRBJ2-2		CASSIDRVLGRTGELFF	NLNHDAMYW	IYYSHIVNDFQKGD	CASSIDRVLGRTGELFF						
iedb_receptor:21603-beta					TRB	TRBV19		TRBJ2-2		CASSILAAGELFF	NLNHDAMYW	IYYSHIVNDFQKGD	CASSILAAGELFF						
iedb_receptor:21604-beta					TRB	TRBV19		TRBJ1-6		CASSILGNSPLHF	NLNHDAMYW	IYYSHIVNDFQKGD	CASSILGNSPLHF						
iedb_receptor:21605-beta					TRB	TRBV19		TRBJ1-5		CASSISGPSNQPQHF	NLNHDAMYW	IYYSHIVNDFQKGD	CASSISGPSNQPQHF						
iedb_receptor:21606-beta					TRB	TRBV6-2		TRBJ1-5		CASSISSLNNQPQHF	DMNHEYMYW	IHYSVGEGTTAKGE	CASSISSLNNQPQHF						
iedb_receptor:21607-beta					TRB	TRBV6-5		TRBJ1-1		CASSKQGSTEAFF	DMNHEYMSW	IHYSVGAGITDQGE	CASSKQGSTEAFF						
iedb_receptor:21608-beta					TRB	TRBV7-8		TRBJ2-7		CASSKREIRSTGTLRYEQYF	ISGHVSLFW	LTYFQNEAQLDKSG	CASSKREIRSTGTLRYEQYF						
iedb_receptor:21609-beta					TRB	TRBV27		TRBJ2-7		CASSKSSSSYEQYF	NMNHEYMSW	IYYSMNVEVTDKGD	CASSKSSSSYEQYF						
iedb_receptor:21610-beta					TRB	TRBV4-2		TRBJ1-5		CASSKTGGLNQPQHF	HLGHNAMYW	MFVYNFKEQTENNS	CASSKTGGLNQPQHF						
iedb_receptor:21611-beta					TRB	TRBV7-8		TRBJ2-7		CASSLAGQGSPYEQYF	ISGHVSLFW	LTYFQNEAQLDKSG	CASSLAGQGSPYEQYF						
iedb_receptor:21612-beta					TRB	TRBV7-2		TRBJ2-3		CASSLAGQRTDTQYF	ISGHTALYW	LIYFQGNSAPDKSG	CASSLAGQRTDTQYF						
iedb_receptor:21613-beta					TRB	TRBV7-6		TRBJ2-1		CASSLAGTSYYNEQFF	ISGHVSLYW	LTYFNYEAQQDKSG	CASSLAGTSYYNEQFF						
iedb_receptor:21614-beta					TRB	TRBV7-3		TRBJ2-2		CASSLAIGELFF	ISGHTALYW	LIYFQGTGAADDSG	CASSLAIGELFF						
iedb_receptor:21615-beta					TRB	TRBV7-8		TRBJ2-5		CASSLALDRGVETQYF	ISGHVSLFW	LTYFQNEAQLDKSG	CASSLALDRGVETQYF						
iedb_receptor:21616-beta					TRB	TRBV13		TRBJ2-7		CASSLALDSAGEQYF	IPRHDTVYW	FISFYEKMQSDKGS	CASSLALDSAGEQYF						
iedb_receptor:21617-beta					TRB	TRBV7-6		TRBJ2-7		CASSLAPGQGAEEQYF	ISGHVSLYW	LTYFNYEAQQDKSG	CASSLAPGQGAEEQYF						
iedb_receptor:21618-beta					TRB	TRBV5-1		TRBJ1-2		CASSLAWGQLSGYTF	ISGHRSVSW	LFEYFSETQRNKGN	CASSLAWGQLSGYTF						
iedb_receptor:21619-beta					TRB	TRBV7-8		TRBJ2-1		CASSLAYNEQFF	ISGHVSLFW	LTYFQNEAQLDKSG	CASSLAYNEQFF						
iedb_receptor:21620-beta					TRB	TRBV7-9		TRBJ2-1		CASSLDGTGYNEQFF	ISEHNRLYW	LTYFQNEAQLEKSG	CASSLDGTGYNEQFF						
iedb_receptor:21621-beta					TRB	TRBV4-1		TRBJ1-1		CASSLDIGVSEAFF	HMGHRAMYW	MFVYSYEKLSINES	CASSLDIGVSEAFF						
iedb_receptor:21622-beta					TRB	TRBV7-8		TRBJ1-3		CASSLDRGNTIYF	ISGHVSLFW	LTYFQNEAQLDKSG	CASSLDRGNTIYF						
iedb_receptor:21623-beta					TRB	TRBV7-9		TRBJ2-3		CASSLDTDTQYF	ISEHNRLYW	LTYFQNEAQLEKSG	CASSLDTDTQYF						
iedb_receptor:21624-beta					TRB	TRBV7-8		TRBJ2-2		CASSLDTWTGELFF	ISGHVSLFW	LTYFQNEAQLDKSG	CASSLDTWTGELFF						
iedb_receptor:21625-beta					TRB	TRBV7-6		TRBJ1-2		CASSLEAAPHYGYTF	ISGHVSLYW	LTYFNYEAQQDKSG	CASSLEAAPHYGYTF						
iedb_receptor:21626-beta					TRB	TRBV7-2		TRBJ1-4		CASSLEAGGGYLEKLFF	ISGHTALYW	LIYFQGNSAPDKSG	CASSLEAGGGYLEKLFF						
iedb_receptor:21627-beta					TRB	TRBV7-8		TRBJ2-2		CASSLMGRGPNTGEPFF	ISGHVSLFW	LTYFQNEAQLDKSG	CASSLMGRGPNTGEPFF						
iedb_receptor:21628-beta					TRB	TRBV7-8		TRBJ2-2		CASSLMGRGPNTGGLFF	ISGHVSLFW	LTYFQNEAQLDKSG	CASSLMGRGPNTGGLFF						
iedb_receptor:21629-beta					TRB	TRBV7-8		TRBJ2-2		CASSLMGRGPNTGVLFF	ISGHVSLFW	LTYFQNEAQLDKSG	CASSLMGRGPNTGVLFF						
iedb_receptor:21630-beta					TRB	TRBV7-8		TRBJ2-2		CASSLMGRGPSTGELFF	ISGHVSLFW	LTYFQNEAQLDKSG	CASSLMGRGPSTGELFF						
iedb_receptor:21631-beta					TRB	TRBV7-8		TRBJ2-5		CASSLMLQQETQYF	ISGHVSLFW	LTYFQNEAQLDKSG	CASSLMLQQETQYF						
iedb_receptor:21632-beta					TRB	TRBV7-8		TRBJ2-5		CASSLMTGRETQYF	ISGHVSLFW	LTYFQNEAQLDKSG	CASSLMTGRETQYF						
iedb_receptor:21633-beta					TRB	TRBV7-3		TRBJ2-1		CASSLPLAGYNEQFF	ISGHTALYW	LIYFQGTGAADDSG	CASSLPLAGYNEQFF						
iedb_receptor:21634-beta					TRB	TRBV6-5		TRBJ2-7		CASSLPQGEQYF	DMNHEYMSW	IHYSVGAGITDQGE	CASSLPQGEQYF						
iedb_receptor:21635-beta					TRB	TRBV7-6		TRBJ2-5		CASSLQGGSKYF	ISGHVSLYW	LTYFNYEAQQDKSG	CASSLQGGSKYF						
iedb_receptor:21636-beta					TRB	TRBV7-8		TRBJ1-5		CASSLQGYLLNQPQHF	ISGHVSLFW	LTYFQNEAQLDKSG	CASSLQGYLLNQPQHF						
iedb_receptor:21637-beta					TRB	TRBV7-9		TRBJ1-1		CASSLRASPRTEAFF	ISEHNRLYW	LTYFQNEAQLEKSG	CASSLRASPRTEAFF						
iedb_receptor:21638-beta					TRB	TRBV5-1		TRBJ1-2		CASSLRDGGLNYGYTF	ISGHRSVSW	LFEYFSETQRNKGN	CASSLRDGGLNYGYTF						
iedb_receptor:21639-beta					TRB	TRBV7-3		TRBJ2-3		CASSLREKDTQYF	ISGHTALYW	LIYFQGTGAADDSG	CASSLREKDTQYF						
iedb_receptor:21640-beta					TRB	TRBV7-6		TRBJ1-1		CASSLRGTETEAFF	ISGHVSLYW	LTYFNYEAQQDKSG	CASSLRGTETEAFF						
iedb_receptor:21641-beta					TRB	TRBV7-2		TRBJ2-1		CASSLRPQQDSSYNEQFF	ISGHTALYW	LIYFQGNSAPDKSG	CASSLRPQQDSSYNEQFF						
iedb_receptor:21642-beta					TRB	TRBV7-3		TRBJ2-7		CASSLRRGLEQYF	ISGHTALYW	LIYFQGTGAADDSG	CASSLRRGLEQYF						
iedb_receptor:21643-beta					TRB	TRBV5-1		TRBJ1-2		CASSLRSGGLNYGYTF	ISGHRSVSW	LFEYFSETQRNKGN	CASSLRSGGLNYGYTF						
iedb_receptor:21644-beta					TRB	TRBV9		TRBJ1-2		CASSLSGDYGYTF	RSGDLSVYW	LIHYYNGEERAKGN	CASSLSGDYGYTF						
iedb_receptor:21645-beta					TRB	TRBV12-3		TRBJ2-7		CASSLSGNEQYF	ISGHNSLFW	LIYFNNNVPIDDSG	CASSLSGNEQYF						
iedb_receptor:21646-beta					TRB	TRBV7-6		TRBJ2-3		CASSLSGQEIDTQHF	ISGHVSLYW	LTYFNYEAQQDKSG	CASSLSGQEIDTQHF						
iedb_receptor:21647-beta					TRB	TRBV7-6		TRBJ2-3		CASSLSGQETDTQYF	ISGHVSLYW	LTYFNYEAQQDKSG	CASSLSGQETDTQYF						
iedb_receptor:21648-beta					TRB	TRBV7-2		TRBJ1-1		CASSLEANTEAFF	ISGHTALYW	LIYFQGNSAPDKSG	CASSLEANTEAFF						
iedb_receptor:21649-beta					TRB	TRBV7-8		TRBJ2-1		CASSLEDRVIGKRDNEQFF	ISGHVSLFW	LTYFQNEAQLDKSG	CASSLEDRVIGKRDNEQFF						
iedb_receptor:21650-beta					TRB	TRBV7-9		TRBJ2-3		CASSLEGTAWSDTQYF	ISEHNRLYW	LTYFQNEAQLEKSG	CASSLEGTAWSDTQYF						
iedb_receptor:21651-beta					TRB	TRBV7-9		TRBJ2-7		CASSLEGTGYYEQYF	ISEHNRLYW	LTYFQNEAQLEKSG	CASSLEGTGYYEQYF						
iedb_receptor:21652-beta					TRB	TRBV7-9		TRBJ1-3		CASSLEKVDTIYF	ISEHNRLYW	LTYFQNEAQLEKSG	CASSLEKVDTIYF						
iedb_receptor:21653-beta					TRB	TRBV7-2		TRBJ1-4		CASSLELGWATNEKLFF	ISGHTALYW	LIYFQGNSAPDKSG	CASSLELGWATNEKLFF						
iedb_receptor:21654-beta					TRB	TRBV7-2		TRBJ1-1		CASSLESGRTNTEAFF	ISGHTALYW	LIYFQGNSAPDKSG	CASSLESGRTNTEAFF						
iedb_receptor:21655-beta					TRB	TRBV7-8		TRBJ2-5		CASSLEWDLAGTQYF	ISGHVSLFW	LTYFQNEAQLDKSG	CASSLEWDLAGTQYF						
iedb_receptor:21656-beta					TRB	TRBV7-3		TRBJ2-1		CASSLFSGGLNEQFF	ISGHTALYW	LIYFQGTGAADDSG	CASSLFSGGLNEQFF						
iedb_receptor:21657-beta					TRB	TRBV7-8		TRBJ1-2		CASSLGAAITGTF	ISGHVSLFW	LTYFQNEAQLDKSG	CASSLGAAITGTF						
iedb_receptor:21658-beta					TRB	TRBV7-8		TRBJ2-7		CASSLGAYEQYF	ISGHVSLFW	LTYFQNEAQLDKSG	CASSLGAYEQYF						
iedb_receptor:21659-beta					TRB	TRBV7-6		TRBJ2-5		CASSLGGEETQYF	ISGHVSLYW	LTYFNYEAQQDKSG	CASSLGGEETQYF						
iedb_receptor:21660-beta					TRB	TRBV7-8		TRBJ1-5		CASSLGGGGGNQPQHF	ISGHVSLFW	LTYFQNEAQLDKSG	CASSLGGGGGNQPQHF						
iedb_receptor:21661-beta					TRB	TRBV7-2		TRBJ2-5		CASSLGGGPQETQYF	ISGHTALYW	LIYFQGNSAPDKSG	CASSLGGGPQETQYF						
iedb_receptor:21662-beta					TRB	TRBV7-8		TRBJ2-1		CASSLGGPFNEQFF	ISGHVSLFW	LTYFQNEAQLDKSG	CASSLGGPFNEQFF						
iedb_receptor:21663-beta					TRB	TRBV6-6		TRBJ2-7		CASSLGGPYEQYF	DMNHEYMYW	IYYSVGAGITDKGE	CASSLGGPYEQYF						
iedb_receptor:21664-beta					TRB	TRBV7-6		TRBJ2-3		CASSLGGRASTDTQYF	ISGHVSLYW	LTYFNYEAQQDKSG	CASSLGGRASTDTQYF						
iedb_receptor:21665-beta					TRB	TRBV7-8		TRBJ2-7		CASSLGGTYEQYF	ISGHVSLFW	LTYFQNEAQLDKSG	CASSLGGTYEQYF						
iedb_receptor:21666-beta					TRB	TRBV7-8		TRBJ2-7		CASSLGGYEQYF	ISGHVSLFW	LTYFQNEAQLDKSG	CASSLGGYEQYF						
iedb_receptor:21667-beta					TRB	TRBV7-2		TRBJ2-1		CASSLGLAGARGSSYNEQFF	ISGHTALYW	LIYFQGNSAPDKSG	CASSLGLAGARGSSYNEQFF						
iedb_receptor:21668-beta					TRB	TRBV7-2		TRBJ2-5		CASSLGLSGTQYF	ISGHTALYW	LIYFQGNSAPDKSG	CASSLGLSGTQYF						
iedb_receptor:21669-beta					TRB	TRBV7-8		TRBJ2-5		CASSLGPGKRETQYF	ISGHVSLFW	LTYFQNEAQLDKSG	CASSLGPGKRETQYF						
iedb_receptor:21670-beta					TRB	TRBV7-8		TRBJ2-7		CASSLGQAYEQYF	ISGHVSLFW	LTYFQNEAQLDKSG	CASSLGQAYEQYF						
iedb_receptor:21671-beta					TRB	TRBV7-6		TRBJ1-1		CASSLGQGEAFF	ISGHVSLYW	LTYFNYEAQQDKSG	CASSLGQGEAFF						
iedb_receptor:21672-beta					TRB	TRBV13		TRBJ2-7		CASSLGTGEQYF	IPRHDTVYW	FISFYEKMQSDKGS	CASSLGTGEQYF						
iedb_receptor:21673-beta					TRB	TRBV7-8		TRBJ1-1		CASSLGVAYGGEDTEAFF	ISGHVSLFW	LTYFQNEAQLDKSG	CASSLGVAYGGEDTEAFF						
iedb_receptor:21674-beta					TRB	TRBV12-3		TRBJ2-1		CASSLHNEQFF	ISGHNSLFW	LIYFNNNVPIDDSG	CASSLHNEQFF						
iedb_receptor:21675-beta					TRB	TRBV7-8		TRBJ2-2		CASSLIGRGPNTGELFF	ISGHVSLFW	LTYFQNEAQLDKSG	CASSLIGRGPNTGELFF						
iedb_receptor:21676-beta					TRB	TRBV7-8		TRBJ2-3		CASSLKSPGVDTQYF	ISGHVSLFW	LTYFQNEAQLDKSG	CASSLKSPGVDTQYF						
iedb_receptor:21677-beta					TRB	TRBV7-8		TRBJ2-1		CASSLLAGGPNYNEQFF	ISGHVSLFW	LTYFQNEAQLDKSG	CASSLLAGGPNYNEQFF						
iedb_receptor:21678-beta					TRB	TRBV28		TRBJ2-7		CASSLLGGSLYEQYF	DMDHENMFW	IYFSYDVKMKEKGD	CASSLLGGSLYEQYF						
iedb_receptor:21679-beta					TRB	TRBV7-6		TRBJ2-7		CASSLLGLPGSEQYF	ISGHVSLYW	LTYFNYEAQQDKSG	CASSLLGLPGSEQYF						
iedb_receptor:21680-beta					TRB	TRBV7-8		TRBJ1-5		CASSLLGSNQPQHF	ISGHVSLFW	LTYFQNEAQLDKSG	CASSLLGSNQPQHF						
iedb_receptor:21681-beta					TRB	TRBV7-8		TRBJ1-5		CASSLLQGRQPQHF	ISGHVSLFW	LTYFQNEAQLDKSG	CASSLLQGRQPQHF						
iedb_receptor:21682-beta					TRB	TRBV7-8		TRBJ2-2		CASSLLSGTSLRVTGELFF	ISGHVSLFW	LTYFQNEAQLDKSG	CASSLLSGTSLRVTGELFF						
iedb_receptor:21683-beta					TRB	TRBV14		TRBJ2-3		CASSLLTLGGADTQYF	ISGHDNLYW	LLHFVKESKQDESG	CASSLLTLGGADTQYF						
iedb_receptor:21684-beta					TRB	TRBV7-8		TRBJ2-2		CASSLMGREPNTGELFF	ISGHVSLFW	LTYFQNEAQLDKSG	CASSLMGREPNTGELFF						
iedb_receptor:21685-beta					TRB	TRBV7-8		TRBJ2-2		CASSLMGRGPKTGELFF	ISGHVSLFW	LTYFQNEAQLDKSG	CASSLMGRGPKTGELFF						
iedb_receptor:21686-beta					TRB	TRBV7-8		TRBJ2-2		CASSLMGRGPNNGELFF	ISGHVSLFW	LTYFQNEAQLDKSG	CASSLMGRGPNNGELFF						
iedb_receptor:21687-beta					TRB	TRBV7-8		TRBJ2-2		CASSLMGRGPNTGELFF	ISGHVSLFW	LTYFQNEAQLDKSG	CASSLMGRGPNTGELFF						
iedb_receptor:21688-beta					TRB	TRBV7-8		TRBJ2-2		CASSLMGRGPNTGELLF	ISGHVSLFW	LTYFQNEAQLDKSG	CASSLMGRGPNTGELLF						
iedb_receptor:21689-beta					TRB	TRBV7-8		TRBJ2-2		CASSLMGRGPNTGELVF	ISGHVSLFW	LTYFQNEAQLDKSG	CASSLMGRGPNTGELVF						
iedb_receptor:21690-beta					TRB	TRBV7-9		TRBJ2-1		CASRSASNEQFF	ISEHNRLYW	LTYFQNEAQLEKSG	CASRSASNEQFF						
iedb_receptor:21691-beta					TRB	TRBV14		TRBJ2-5		CASSAAGAVETQYF	ISGHDNLYW	LLHFVKESKQDESG	CASSAAGAVETQYF						
iedb_receptor:21692-beta					TRB	TRBV27		TRBJ2-7		CASSAGTGGYEQYF	NMNHEYMSW	IYYSMNVEVTDKGD	CASSAGTGGYEQYF						
iedb_receptor:21693-beta					TRB	TRBV19		TRBJ1-2		CASSAGTPLYYGYTF	NLNHDAMYW	IYYSHIVNDFQKGD	CASSAGTPLYYGYTF						
iedb_receptor:21694-beta					TRB	TRBV7-9		TRBJ2-3		CASSALDTQYF	ISEHNRLYW	LTYFQNEAQLEKSG	CASSALDTQYF						
iedb_receptor:21695-beta					TRB	TRBV6-1		TRBJ2-6		CASSAPGAGANVLTF	DMNHNSMYW	IYYSASEGTTDKGE	CASSAPGAGANVLTF						
iedb_receptor:21696-beta					TRB	TRBV4-1		TRBJ1-2		CASSAPGQNYGYTF	HMGHRAMYW	MFVYSYEKLSINES	CASSAPGQNYGYTF						
iedb_receptor:21697-beta					TRB	TRBV7-7		TRBJ2-3		CASSASAGPGDTQYF	ISSHATLYW	LTYFNYEAQPDKSG	CASSASAGPGDTQYF						
iedb_receptor:21698-beta					TRB	TRBV7-8		TRBJ2-2		CASSASGKGVTGELFF	ISGHVSLFW	LTYFQNEAQLDKSG	CASSASGKGVTGELFF						
iedb_receptor:21699-beta					TRB	TRBV6-1		TRBJ2-5		CASSDGTDQETQYF	DMNHNSMYW	IYYSASEGTTDKGE	CASSDGTDQETQYF						
iedb_receptor:21700-beta					TRB	TRBV11-2		TRBJ2-7		CASSDIYEQYF	ISGHATLYW	LIQFQNNGVVDDSQ	CASSDIYEQYF						
iedb_receptor:21701-beta					TRB	TRBV7-8		TRBJ1-1		CASSDRAPEAFF	ISGHVSLFW	LTYFQNEAQLDKSG	CASSDRAPEAFF						
iedb_receptor:21702-beta					TRB	TRBV7-9		TRBJ2-3		CASSDRTDTQYF	ISEHNRLYW	LTYFQNEAQLEKSG	CASSDRTDTQYF						
iedb_receptor:21703-beta					TRB	TRBV7-9		TRBJ2-1		CASSDRTYEQFF	ISEHNRLYW	LTYFQNEAQLEKSG	CASSDRTYEQFF						
iedb_receptor:21704-beta					TRB	TRBV6-4		TRBJ2-1		CASSDSQNEQFF	DMRHNAMYW	IHYSNTAGTTGKGE	CASSDSQNEQFF						
iedb_receptor:21705-beta					TRB	TRBV6-4		TRBJ2-7		CASSDSQNEQYF	DMRHNAMYW	IHYSNTAGTTGKGE	CASSDSQNEQYF						
iedb_receptor:21706-beta					TRB	TRBV6-4		TRBJ2-3		CASSDSSTDTQYF	DMRHNAMYW	IHYSNTAGTTGKGE	CASSDSSTDTQYF						
iedb_receptor:21707-beta					TRB	TRBV7-8		TRBJ2-3		CASSEDRYTSTDTQYF	ISGHVSLFW	LTYFQNEAQLDKSG	CASSEDRYTSTDTQYF						
iedb_receptor:21708-beta					TRB	TRBV6-1				CASSEESYLMNTEAFF	DMNHNSMYW	IYYSASEGTTDKGE	CASSEESYLMNTEAFF						
iedb_receptor:21709-beta					TRB	TRBV6-4		TRBJ2-1		CASSEETGEGGHEQFF	DMRHNAMYW	IHYSNTAGTTGKGE	CASSEETGEGGHEQFF						
iedb_receptor:21710-beta					TRB	TRBV6-4		TRBJ2-7		CASSEETGEGGHEQYF	DMRHNAMYW	IHYSNTAGTTGKGE	CASSEETGEGGHEQYF						
iedb_receptor:21711-beta					TRB	TRBV6-1		TRBJ2-7		CASSEFFPSAPYEQYF	DMNHNSMYW	IYYSASEGTTDKGE	CASSEFFPSAPYEQYF						
iedb_receptor:21712-beta					TRB	TRBV2		TRBJ2-7		CASSEGQVAPGEQYF	ISNHLYFYW	LVSFYNNEISEKSE	CASSEGQVAPGEQYF						
iedb_receptor:21713-beta					TRB	TRBV4-3		TRBJ1-1		CASSEGVDTEAFF	HLGHNAMYW	MFVYSLEERVENNS	CASSEGVDTEAFF						
iedb_receptor:21714-beta					TRB	TRBV4-1		TRBJ1-1		CASSEIARPRAFF	HMGHRAMYW	MFVYSYEKLSINES	CASSEIARPRAFF						
iedb_receptor:21715-beta					TRB	TRBV6-4		TRBJ2-3		CASSERQGADTQYF	DMRHNAMYW	IHYSNTAGTTGKGE	CASSERQGADTQYF						
iedb_receptor:21716-beta					TRB	TRBV6-1		TRBJ1-6		CASSEVGSYNSPLHF	DMNHNSMYW	IYYSASEGTTDKGE	CASSEVGSYNSPLHF						
iedb_receptor:21717-beta					TRB	TRBV6-1		TRBJ1-2		CASSEYPGYYGYTF	DMNHNSMYW	IYYSASEGTTDKGE	CASSEYPGYYGYTF						
iedb_receptor:21718-beta					TRB	TRBV7-8		TRBJ1-2		CASSFAGGKDYGYTF	ISGHVSLFW	LTYFQNEAQLDKSG	CASSFAGGKDYGYTF						
iedb_receptor:21719-beta					TRB	TRBV7-9		TRBJ2-7		CASSFFTGDGEQYF	ISEHNRLYW	LTYFQNEAQLEKSG	CASSFFTGDGEQYF						
iedb_receptor:21720-beta					TRB	TRBV7-7		TRBJ2-3		CASSFGATDTQYF	ISSHATLYW	LTYFNYEAQPDKSG	CASSFGATDTQYF						
iedb_receptor:21721-beta					TRB	TRBV7-6		TRBJ2-7		CASSFGGFYEQYF	ISGHVSLYW	LTYFNYEAQQDKSG	CASSFGGFYEQYF						
iedb_receptor:21722-beta					TRB	TRBV12-3		TRBJ2-7		CASSFGGNEQYF	ISGHNSLFW	LIYFNNNVPIDDSG	CASSFGGNEQYF						
iedb_receptor:21723-beta					TRB	TRBV12-3		TRBJ1-1		CASSFGPNTEAFF	ISGHNSLFW	LIYFNNNVPIDDSG	CASSFGPNTEAFF						
iedb_receptor:21724-beta					TRB	TRBV7-2		TRBJ2-7		CASSFGPTAYEQYF	ISGHTALYW	LIYFQGNSAPDKSG	CASSFGPTAYEQYF						
iedb_receptor:21725-beta					TRB	TRBV6-5		TRBJ2-6		CASSFGQGLSGANVLTF	DMNHEYMSW	IHYSVGAGITDQGE	CASSFGQGLSGANVLTF						
iedb_receptor:21726-beta					TRB	TRBV7-2		TRBJ1-1		CASSFGQGNTEAFF	ISGHTALYW	LIYFQGNSAPDKSG	CASSFGQGNTEAFF						
iedb_receptor:21727-beta					TRB	TRBV13		TRBJ1-3		CASSFGTDRSGNTIYF	IPRHDTVYW	FISFYEKMQSDKGS	CASSFGTDRSGNTIYF						
iedb_receptor:21728-beta					TRB	TRBV12-3		TRBJ2-7		CASSFGVAGGASRHEQYF	ISGHNSLFW	LIYFNNNVPIDDSG	CASSFGVAGGASRHEQYF						
iedb_receptor:21729-beta					TRB	TRBV12-3		TRBJ1-1		CASSFHRVMNTEAFF	ISGHNSLFW	LIYFNNNVPIDDSG	CASSFHRVMNTEAFF						
iedb_receptor:21730-beta					TRB	TRBV7-8		TRBJ2-2		CASSFKGQPYTGELFF	ISGHVSLFW	LTYFQNEAQLDKSG	CASSFKGQPYTGELFF						
iedb_receptor:21731-beta					TRB	TRBV5-1		TRBJ2-1		CASSFNNEQFF	ISGHRSVSW	LFEYFSETQRNKGN	CASSFNNEQFF						
iedb_receptor:21732-beta					TRB	TRBV7-8		TRBJ2-1		CASSFPPYNEQFF	ISGHVSLFW	LTYFQNEAQLDKSG	CASSFPPYNEQFF						
iedb_receptor:21733-beta					TRB	TRBV7-6		TRBJ1-1		CASSFQGTEAFF	ISGHVSLYW	LTYFNYEAQQDKSG	CASSFQGTEAFF						
iedb_receptor:21734-beta					TRB	TRBV7-7		TRBJ2-1		CASSFRPLAAPSDEQFF	ISSHATLYW	LTYFNYEAQPDKSG	CASSFRPLAAPSDEQFF						
iedb_receptor:21735-beta					TRB	TRBV7-6		TRBJ2-3		CASSFRWRERDTQYF	ISGHVSLYW	LTYFNYEAQQDKSG	CASSFRWRERDTQYF						
iedb_receptor:21736-beta					TRB	TRBV7-2		TRBJ2-3		CASSFSETSTDTQYF	ISGHTALYW	LIYFQGNSAPDKSG	CASSFSETSTDTQYF						
iedb_receptor:21737-beta					TRB	TRBV5-1		TRBJ2-3		CASSFSGSTDTQYF	ISGHRSVSW	LFEYFSETQRNKGN	CASSFSGSTDTQYF						
iedb_receptor:21738-beta					TRB	TRBV12-3		TRBJ1-1		CASSFSWTEAFF	ISGHNSLFW	LIYFNNNVPIDDSG	CASSFSWTEAFF						
iedb_receptor:21739-beta					TRB	TRBV11-2		TRBJ2-1		CASSFTEDEQFF	ISGHATLYW	LIQFQNNGVVDDSQ	CASSFTEDEQFF						
iedb_receptor:21740-beta					TRB	TRBV7-9		TRBJ2-1		CASSFTGKGYNEQFF	ISEHNRLYW	LTYFQNEAQLEKSG	CASSFTGKGYNEQFF						
iedb_receptor:21741-beta					TRB	TRBV6-2		TRBJ1-2		CASSFVHGYTF	DMNHEYMYW	IHYSVGEGTTAKGE	CASSFVHGYTF						
iedb_receptor:21742-beta					TRB	TRBV11-2		TRBJ2-3		CASSGAGGGSPDTQYF	ISGHATLYW	LIQFQNNGVVDDSQ	CASSGAGGGSPDTQYF						
iedb_receptor:21743-beta					TRB	TRBV7-2		TRBJ1-2		CASSGEQGDGYTF	ISGHTALYW	LIYFQGNSAPDKSG	CASSGEQGDGYTF						
iedb_receptor:21744-beta					TRB	TRBV7-9		TRBJ1-1		CASSGGQGNTEAFF	ISEHNRLYW	LTYFQNEAQLEKSG	CASSGGQGNTEAFF						
iedb_receptor:21745-beta					TRB	TRBV7-8		TRBJ2-3		CASSGLRRDRDTQYF	ISGHVSLFW	LTYFQNEAQLDKSG	CASSGLRRDRDTQYF						
iedb_receptor:21746-beta					TRB	TRBV6-5		TRBJ1-2		CASSGQDGYTF	DMNHEYMSW	IHYSVGAGITDQGE	CASSGQDGYTF						
iedb_receptor:21747-beta					TRB	TRBV9		TRBJ1-2		CASSGRQAYGYTF	RSGDLSVYW	LIHYYNGEERAKGN	CASSGRQAYGYTF						
iedb_receptor:21748-beta					TRB	TRBV12-3		TRBJ2-7		CASSGTSSPYEQYF	ISGHNSLFW	LIYFNNNVPIDDSG	CASSGTSSPYEQYF						
iedb_receptor:21749-beta					TRB	TRBV7-9		TRBJ1-1		CASSGWTGPNTEAFF	ISEHNRLYW	LTYFQNEAQLEKSG	CASSGWTGPNTEAFF						
iedb_receptor:21750-beta					TRB	TRBV14		TRBJ2-1		CASSHASNEQFF	ISGHDNLYW	LLHFVKESKQDESG	CASSHASNEQFF						
iedb_receptor:21751-beta					TRB	TRBV4-1		TRBJ2-3		CASSHGGADTQYF	HMGHRAMYW	MFVYSYEKLSINES	CASSHGGADTQYF						
iedb_receptor:21752-beta					TRB	TRBV7-8		TRBJ2-2		CASSHPEGGTGELFF	ISGHVSLFW	LTYFQNEAQLDKSG	CASSHPEGGTGELFF						
iedb_receptor:21753-beta					TRB	TRBV6-6		TRBJ2-7		CASSHPSEQYF	DMNHEYMYW	IYYSVGAGITDKGE	CASSHPSEQYF						
iedb_receptor:21754-beta					TRB	TRBV4-1		TRBJ2-2		CASSHPYTGELFF	HMGHRAMYW	MFVYSYEKLSINES	CASSHPYTGELFF						
iedb_receptor:21755-beta					TRB	TRBV7-8		TRBJ2-1		CASSHRGQIGQFF	ISGHVSLFW	LTYFQNEAQLDKSG	CASSHRGQIGQFF						
iedb_receptor:21756-beta					TRB	TRBV4-1		TRBJ1-3		CASSHSGGARNTIYF	HMGHRAMYW	MFVYSYEKLSINES	CASSHSGGARNTIYF						
iedb_receptor:21757-beta					TRB	TRBV14		TRBJ2-3		CASSHSPGGTQYF	ISGHDNLYW	LLHFVKESKQDESG	CASSHSPGGTQYF						
iedb_receptor:21758-beta					TRB	TRBV19		TRBJ1-1		CASSIDFTANTEAFF	NLNHDAMYW	IYYSHIVNDFQKGD	CASSIDFTANTEAFF						
iedb_receptor:21759-beta					TRB	TRBV19		TRBJ2-7		CASSIDGTAYEQYF	NLNHDAMYW	IYYSHIVNDFQKGD	CASSIDGTAYEQYF						
iedb_receptor:21760-beta					TRB	TRBV7-8		TRBJ2-7		CASSIDQRSSYEQYF	ISGHVSLFW	LTYFQNEAQLDKSG	CASSIDQRSSYEQYF						
iedb_receptor:21761-beta					TRB	TRBV4-3		TRBJ2-1		CASSQERGNEQFF	HLGHNAMYW	MFVYSLEERVENNS	CASSQERGNEQFF						
iedb_receptor:21762-beta					TRB	TRBV14		TRBJ2-3		CASSQFPGGTQYF	ISGHDNLYW	LLHFVKESKQDESG	CASSQFPGGTQYF						
iedb_receptor:21763-beta					TRB	TRBV12-3		TRBJ2-2		CASSQGAGELFF	ISGHNSLFW	LIYFNNNVPIDDSG	CASSQGAGELFF						
iedb_receptor:21764-beta					TRB	TRBV7-8		TRBJ1-1		CASSQGARGPFF	ISGHVSLFW	LTYFQNEAQLDKSG	CASSQGARGPFF						
iedb_receptor:21765-beta					TRB	TRBV4-1		TRBJ2-3		CASSQGASDTQYF	HMGHRAMYW	MFVYSYEKLSINES	CASSQGASDTQYF						
iedb_receptor:21766-beta					TRB	TRBV4-2		TRBJ1-1		CASSQGGGPAAFF	HLGHNAMYW	MFVYNFKEQTENNS	CASSQGGGPAAFF						
iedb_receptor:21767-beta					TRB	TRBV4-1		TRBJ1-5		CASSQGHGPFNQPQHF	HMGHRAMYW	MFVYSYEKLSINES	CASSQGHGPFNQPQHF						
iedb_receptor:21768-beta					TRB	TRBV7-2		TRBJ1-5		CASSQGHGPFNQPQRF	ISGHTALYW	LIYFQGNSAPDKSG	CASSQGHGPFNQPQRF						
iedb_receptor:21769-beta					TRB	TRBV7-2		TRBJ2-1		CASSQGLAGANEQFF	ISGHTALYW	LIYFQGNSAPDKSG	CASSQGLAGANEQFF						
iedb_receptor:21770-beta					TRB	TRBV4-1		TRBJ1-5		CASSQGQGGNQPQHF	HMGHRAMYW	MFVYSYEKLSINES	CASSQGQGGNQPQHF						
iedb_receptor:21771-beta					TRB	TRBV7-8		TRBJ2-7		CASSQGQGGYEQYF	ISGHVSLFW	LTYFQNEAQLDKSG	CASSQGQGGYEQYF						
iedb_receptor:21772-beta					TRB	TRBV14		TRBJ1-2		CASSQGTAYGYTF	ISGHDNLYW	LLHFVKESKQDESG	CASSQGTAYGYTF						
iedb_receptor:21773-beta					TRB	TRBV12-3		TRBJ1-1		CASSQGVLTEAFF	ISGHNSLFW	LIYFNNNVPIDDSG	CASSQGVLTEAFF						
iedb_receptor:21774-beta					TRB	TRBV14		TRBJ1-2		CASSQIGGSDYGYTF	ISGHDNLYW	LLHFVKESKQDESG	CASSQIGGSDYGYTF						
iedb_receptor:21775-beta					TRB	TRBV4-1		TRBJ1-1		CASSQKTGKNTEAFF	HMGHRAMYW	MFVYSYEKLSINES	CASSQKTGKNTEAFF						
iedb_receptor:21776-beta					TRB	TRBV4-1		TRBJ2-5		CASSQLAGVETQYF	HMGHRAMYW	MFVYSYEKLSINES	CASSQLAGVETQYF						
iedb_receptor:21777-beta					TRB	TRBV4-1		TRBJ2-1		CASSQLAQGRGAYNEQFF	HMGHRAMYW	MFVYSYEKLSINES	CASSQLAQGRGAYNEQFF						
iedb_receptor:21778-beta					TRB	TRBV13		TRBJ2-1		CASSQLAVSYNEQFF	IPRHDTVYW	FISFYEKMQSDKGS	CASSQLAVSYNEQFF						
iedb_receptor:21779-beta					TRB	TRBV4-1		TRBJ1-2		CASSQLIPGLLYGYAF	HMGHRAMYW	MFVYSYEKLSINES	CASSQLIPGLLYGYAF						
iedb_receptor:21780-beta					TRB	TRBV4-1		TRBJ1-2		CASSQLIPGLLYGYTF	HMGHRAMYW	MFVYSYEKLSINES	CASSQLIPGLLYGYTF						
iedb_receptor:21781-beta					TRB	TRBV4-1		TRBJ1-2			HMGHRAMYW	MFVYSYEKLSINES	CASSQLIPGLLYGYTL						
iedb_receptor:21782-beta					TRB	TRBV4-1		TRBJ1-2			HMGHRAMYW	MFVYSYEKLSINES	CASSQLIPGLLYGYTY						
iedb_receptor:21783-beta					TRB	TRBV4-1		TRBJ2-7		CASSQLTGGVHEQYF	HMGHRAMYW	MFVYSYEKLSINES	CASSQLTGGVHEQYF						
iedb_receptor:21784-beta					TRB	TRBV14		TRBJ2-3		CASSQPPGGTQYF	ISGHDNLYW	LLHFVKESKQDESG	CASSQPPGGTQYF						
iedb_receptor:21785-beta					TRB	TRBV7-9		TRBJ2-6		CASSQPQYSGANVLTF	ISEHNRLYW	LTYFQNEAQLEKSG	CASSQPQYSGANVLTF						
iedb_receptor:21786-beta					TRB	TRBV4-1		TRBJ1-1		CASSQQLRVINTEAFF	HMGHRAMYW	MFVYSYEKLSINES	CASSQQLRVINTEAFF						
iedb_receptor:21787-beta					TRB	TRBV4-1		TRBJ1-2		CASSQQQGPSGYTF	HMGHRAMYW	MFVYSYEKLSINES	CASSQQQGPSGYTF						
iedb_receptor:21788-beta					TRB	TRBV7-2		TRBJ1-3		CASSQRDLSSGNTIYF	ISGHTALYW	LIYFQGNSAPDKSG	CASSQRDLSSGNTIYF						
iedb_receptor:21789-beta					TRB	TRBV4-1		TRBJ2-5		CASSQRGVQETQYF	HMGHRAMYW	MFVYSYEKLSINES	CASSQRGVQETQYF						
iedb_receptor:21790-beta					TRB	TRBV7-8		TRBJ1-5		CASSQRIALGDGNQPQHF	ISGHVSLFW	LTYFQNEAQLDKSG	CASSQRIALGDGNQPQHF						
iedb_receptor:21791-beta					TRB	TRBV14		TRBJ1-1		CASSQSGNTEAFF	ISGHDNLYW	LLHFVKESKQDESG	CASSQSGNTEAFF						
iedb_receptor:21792-beta					TRB	TRBV14		TRBJ2-3		CASSQSLGGTQYF	ISGHDNLYW	LLHFVKESKQDESG	CASSQSLGGTQYF						
iedb_receptor:21793-beta					TRB	TRBV14		TRBJ2-3		CASSQSPDGTQYF	ISGHDNLYW	LLHFVKESKQDESG	CASSQSPDGTQYF						
iedb_receptor:21794-beta					TRB	TRBV14		TRBJ2-3		CASSQSPGDTQYF	ISGHDNLYW	LLHFVKESKQDESG	CASSQSPGDTQYF						
iedb_receptor:21795-beta					TRB	TRBV14		TRBJ2-3		CASSQSPGGAQYF	ISGHDNLYW	LLHFVKESKQDESG	CASSQSPGGAQYF						
iedb_receptor:21796-beta					TRB	TRBV9		TRBJ2-1		CASSQSPGGEQFF	RSGDLSVYW	LIHYYNGEERAKGN	CASSQSPGGEQFF						
iedb_receptor:21797-beta					TRB	TRBV14		TRBJ2-7		CASSQSPGGEQYF	ISGHDNLYW	LLHFVKESKQDESG	CASSQSPGGEQYF						
iedb_receptor:21798-beta					TRB	TRBV14		TRBJ2-1		CASSQSPGGFQFF	ISGHDNLYW	LLHFVKESKQDESG	CASSQSPGGFQFF						
iedb_receptor:21799-beta					TRB	TRBV14		TRBJ2-3		CASSQSPGGKQYF	ISGHDNLYW	LLHFVKESKQDESG	CASSQSPGGKQYF						
iedb_receptor:21800-beta					TRB	TRBV14		TRBJ1-2		CASSQSPGGLTFF	ISGHDNLYW	LLHFVKESKQDESG	CASSQSPGGLTFF						
iedb_receptor:21801-beta					TRB	TRBV14		TRBJ2-3		CASSQSPGGMQYF	ISGHDNLYW	LLHFVKESKQDESG	CASSQSPGGMQYF						
iedb_receptor:21802-beta					TRB	TRBV14		TRBJ2-3		CASSQSPGGPQYF	ISGHDNLYW	LLHFVKESKQDESG	CASSQSPGGPQYF						
iedb_receptor:21803-beta					TRB	TRBV14		TRBJ2-3		CASSQSPGGTPYF	ISGHDNLYW	LLHFVKESKQDESG	CASSQSPGGTPYF						
iedb_receptor:21804-beta					TRB	TRBV14		TRBJ1-5		CASSQSPGGTQHF	ISGHDNLYW	LLHFVKESKQDESG	CASSQSPGGTQHF						
iedb_receptor:21805-beta					TRB	TRBV14		TRBJ2-3		CASSQSPGGTQNF	ISGHDNLYW	LLHFVKESKQDESG	CASSQSPGGTQNF						
iedb_receptor:21806-beta					TRB	TRBV14		TRBJ2-3		CASSQSPGGTQSF	ISGHDNLYW	LLHFVKESKQDESG	CASSQSPGGTQSF						
iedb_receptor:21807-beta					TRB	TRBV14				CASSQSPGGTQYF	ISGHDNLYW	LLHFVKESKQDESG	CASSQSPGGTQYF						
iedb_receptor:21808-beta					TRB	TRBV14		TRBJ2-3			ISGHDNLYW	LLHFVKESKQDESG	CASSQSPGGTQYL						
iedb_receptor:21809-beta					TRB	TRBV14		TRBJ2-3			ISGHDNLYW	LLHFVKESKQDESG	CASSQSPGGTQYS						
iedb_receptor:21810-beta					TRB	TRBV14		TRBJ2-3		CASSQSPGGTRYF	ISGHDNLYW	LLHFVKESKQDESG	CASSQSPGGTRYF						
iedb_receptor:21811-beta					TRB	TRBV14		TRBJ2-7		CASSQSPGGVQYF	ISGHDNLYW	LLHFVKESKQDESG	CASSQSPGGVQYF						
iedb_receptor:21812-beta					TRB	TRBV14		TRBJ2-3		CASSQSPGSTQYF	ISGHDNLYW	LLHFVKESKQDESG	CASSQSPGSTQYF						
iedb_receptor:21813-beta					TRB	TRBV14		TRBJ2-3		CASSQSPSGTQYF	ISGHDNLYW	LLHFVKESKQDESG	CASSQSPSGTQYF						
iedb_receptor:21814-beta					TRB	TRBV14		TRBJ2-3		CASSQSPVGTQYF	ISGHDNLYW	LLHFVKESKQDESG	CASSQSPVGTQYF						
iedb_receptor:21815-beta					TRB	TRBV14		TRBJ2-3		CASSQSSGGTQYF	ISGHDNLYW	LLHFVKESKQDESG	CASSQSSGGTQYF						
iedb_receptor:21816-beta					TRB	TRBV4-3		TRBJ2-3		CASSQVGLGRGSQYF	HLGHNAMYW	MFVYSLEERVENNS	CASSQVGLGRGSQYF						
iedb_receptor:21817-beta					TRB	TRBV4-2		TRBJ1-1		CASSQVLDTEAFF	HLGHNAMYW	MFVYNFKEQTENNS	CASSQVLDTEAFF						
iedb_receptor:21818-beta					TRB	TRBV4-3		TRBJ2-1		CASSQVLRGPSSYNEQFF	HLGHNAMYW	MFVYSLEERVENNS	CASSQVLRGPSSYNEQFF						
iedb_receptor:21819-beta					TRB	TRBV4-1		TRBJ2-2		CASSQVSGLAGGQNTGELFF	HMGHRAMYW	MFVYSYEKLSINES	CASSQVSGLAGGQNTGELFF						
iedb_receptor:21820-beta					TRB	TRBV4-1		TRBJ2-1		CASSQVSPVVLDRDNEQFF	HMGHRAMYW	MFVYSYEKLSINES	CASSQVSPVVLDRDNEQFF						
iedb_receptor:21821-beta					TRB	TRBV7-8		TRBJ2-1		CASSRDRSYNEQFF	ISGHVSLFW	LTYFQNEAQLDKSG	CASSRDRSYNEQFF						
iedb_receptor:21822-beta					TRB	TRBV6-2		TRBJ2-1		CASSRDSGGNEQFF	DMNHEYMYW	IHYSVGEGTTAKGE	CASSRDSGGNEQFF						
iedb_receptor:21823-beta					TRB	TRBV7-8		TRBJ1-5		CASSRGHALDQPQHF	ISGHVSLFW	LTYFQNEAQLDKSG	CASSRGHALDQPQHF						
iedb_receptor:21824-beta					TRB	TRBV7-8		TRBJ2-1		CASSLSGSYYNEQFF	ISGHVSLFW	LTYFQNEAQLDKSG	CASSLSGSYYNEQFF						
iedb_receptor:21825-beta					TRB	TRBV28		TRBJ1-1		CASSLSGTGNTEAFF	DMDHENMFW	IYFSYDVKMKEKGD	CASSLSGTGNTEAFF						
iedb_receptor:21826-beta					TRB	TRBV27		TRBJ1-2		CASSLSLGRIDGYTF	NMNHEYMSW	IYYSMNVEVTDKGD	CASSLSLGRIDGYTF						
iedb_receptor:21827-beta					TRB	TRBV7-3		TRBJ2-7		CASSLSPSASYEQYF	ISGHTALYW	LIYFQGTGAADDSG	CASSLSPSASYEQYF						
iedb_receptor:21828-beta					TRB	TRBV7-8		TRBJ1-6		CASSLSQGGNSPLHF	ISGHVSLFW	LTYFQNEAQLDKSG	CASSLSQGGNSPLHF						
iedb_receptor:21829-beta					TRB	TRBV7-6		TRBJ2-1		CASSLSRGPYNEQFF	ISGHVSLYW	LTYFNYEAQQDKSG	CASSLSRGPYNEQFF						
iedb_receptor:21830-beta					TRB	TRBV7-8		TRBJ2-7		CASSLTDPCEQYF	ISGHVSLFW	LTYFQNEAQLDKSG	CASSLTDPCEQYF						
iedb_receptor:21831-beta					TRB	TRBV7-8		TRBJ2-7		CASSLTDPHEQYF	ISGHVSLFW	LTYFQNEAQLDKSG	CASSLTDPHEQYF						
iedb_receptor:21832-beta					TRB	TRBV7-9		TRBJ2-1		CASSLTDPYEQFF	ISEHNRLYW	LTYFQNEAQLEKSG	CASSLTDPYEQFF						
iedb_receptor:21833-beta					TRB	TRBV7-8		TRBJ2-7		CASSLTDPYEQHF	ISGHVSLFW	LTYFQNEAQLDKSG	CASSLTDPYEQHF						
iedb_receptor:21834-beta					TRB	TRBV7-8		TRBJ2-7		CASSLTDPYEQNF	ISGHVSLFW	LTYFQNEAQLDKSG	CASSLTDPYEQNF						
iedb_receptor:21835-beta					TRB	TRBV7-8		TRBJ2-7		CASSLTDPYEQYF	ISGHVSLFW	LTYFQNEAQLDKSG	CASSLTDPYEQYF						
iedb_receptor:21836-beta					TRB	TRBV7-8		TRBJ2-7			ISGHVSLFW	LTYFQNEAQLDKSG	CASSLTDPYEQYL						
iedb_receptor:21837-beta					TRB	TRBV7-8		TRBJ2-7			ISGHVSLFW	LTYFQNEAQLDKSG	CASSLTDPYEQYS						
iedb_receptor:21838-beta					TRB	TRBV7-8		TRBJ2-7		CASSLTDSYEQYF	ISGHVSLFW	LTYFQNEAQLDKSG	CASSLTDSYEQYF						
iedb_receptor:21839-beta					TRB	TRBV7-9		TRBJ2-3		CASSLTGAGTDTQYF	ISEHNRLYW	LTYFQNEAQLEKSG	CASSLTGAGTDTQYF						
iedb_receptor:21840-beta					TRB	TRBV7-8		TRBJ2-7		CASSLTNPYEQYF	ISGHVSLFW	LTYFQNEAQLDKSG	CASSLTNPYEQYF						
iedb_receptor:21841-beta					TRB	TRBV13		TRBJ1-5		CASSLTRRGNQPQHF	IPRHDTVYW	FISFYEKMQSDKGS	CASSLTRRGNQPQHF						
iedb_receptor:21842-beta					TRB	TRBV7-6		TRBJ2-1		CASSLVGGMTGYEQFF	ISGHVSLYW	LTYFNYEAQQDKSG	CASSLVGGMTGYEQFF						
iedb_receptor:21843-beta					TRB	TRBV7-8		TRBJ2-3		CASSLVGGSGISTDTQYF	ISGHVSLFW	LTYFQNEAQLDKSG	CASSLVGGSGISTDTQYF						
iedb_receptor:21844-beta					TRB	TRBV7-9		TRBJ2-7		CASSLVGQGSYEQYF	ISEHNRLYW	LTYFQNEAQLEKSG	CASSLVGQGSYEQYF						
iedb_receptor:21845-beta					TRB	TRBV7-8		TRBJ2-5		CASSLVKLGIALIETQYF	ISGHVSLFW	LTYFQNEAQLDKSG	CASSLVKLGIALIETQYF						
iedb_receptor:21846-beta					TRB	TRBV28		TRBJ2-5		CASSLVLQETQYF	DMDHENMFW	IYFSYDVKMKEKGD	CASSLVLQETQYF						
iedb_receptor:21847-beta					TRB	TRBV7-9		TRBJ2-7		CASSLVQGYEQYF	ISEHNRLYW	LTYFQNEAQLEKSG	CASSLVQGYEQYF						
iedb_receptor:21848-beta					TRB	TRBV7-9		TRBJ2-1		CASSLVRGGNEQFF	ISEHNRLYW	LTYFQNEAQLEKSG	CASSLVRGGNEQFF						
iedb_receptor:21849-beta					TRB	TRBV11-2		TRBJ2-7		CASSLVRNYEQYF	ISGHATLYW	LIQFQNNGVVDDSQ	CASSLVRNYEQYF						
iedb_receptor:21850-beta					TRB	TRBV7-2		TRBJ1-1		CASSLWNTEAFF	ISGHTALYW	LIYFQGNSAPDKSG	CASSLWNTEAFF						
iedb_receptor:21851-beta					TRB	TRBV28		TRBJ2-7		CASSLWRLGKAYEQYF	DMDHENMFW	IYFSYDVKMKEKGD	CASSLWRLGKAYEQYF						
iedb_receptor:21852-beta					TRB	TRBV7-9		TRBJ2-1		CASSNGQGAVGEQFF	ISEHNRLYW	LTYFQNEAQLEKSG	CASSNGQGAVGEQFF						
iedb_receptor:21853-beta					TRB	TRBV14		TRBJ2-7		CASSPAPGSTTYEQYF	ISGHDNLYW	LLHFVKESKQDESG	CASSPAPGSTTYEQYF						
iedb_receptor:21854-beta					TRB	TRBV18		TRBJ2-7		CASSPDGRVEQYF	MKGHSHVYW	MVYLQKENIIDESG	CASSPDGRVEQYF						
iedb_receptor:21855-beta					TRB	TRBV12-3		TRBJ1-5		CASSPDRGNQPQHF	ISGHNSLFW	LIYFNNNVPIDDSG	CASSPDRGNQPQHF						
iedb_receptor:21856-beta					TRB	TRBV19		TRBJ2-1		CASSPEGRAGLYNEQFF	NLNHDAMYW	IYYSHIVNDFQKGD	CASSPEGRAGLYNEQFF						
iedb_receptor:21857-beta					TRB	TRBV4-1		TRBJ2-7		CASSPEVTSGGHEQYF	HMGHRAMYW	MFVYSYEKLSINES	CASSPEVTSGGHEQYF						
iedb_receptor:21858-beta					TRB	TRBV7-8		TRBJ1-2		CASSPFRGGLGYGYTF	ISGHVSLFW	LTYFQNEAQLDKSG	CASSPFRGGLGYGYTF						
iedb_receptor:21859-beta					TRB	TRBV28		TRBJ2-1		CASSPGGASGRSNEQFF	DMDHENMFW	IYFSYDVKMKEKGD	CASSPGGASGRSNEQFF						
iedb_receptor:21860-beta					TRB	TRBV7-2		TRBJ1-6		CASSPGGAYNSPLHF	ISGHTALYW	LIYFQGNSAPDKSG	CASSPGGAYNSPLHF						
iedb_receptor:21861-beta					TRB	TRBV7-6		TRBJ1-2		CASSPGGGGYTF	ISGHVSLYW	LTYFNYEAQQDKSG	CASSPGGGGYTF						
iedb_receptor:21862-beta					TRB	TRBV7-9		TRBJ1-1		CASSPGGLSRGEAFF	ISEHNRLYW	LTYFQNEAQLEKSG	CASSPGGLSRGEAFF						
iedb_receptor:21863-beta					TRB	TRBV7-9		TRBJ2-1		CASSPGLAGANEQFF	ISEHNRLYW	LTYFQNEAQLEKSG	CASSPGLAGANEQFF						
iedb_receptor:21864-beta					TRB	TRBV7-3		TRBJ2-2		CASSPGPYTLNTGELFF	ISGHTALYW	LIYFQGTGAADDSG	CASSPGPYTLNTGELFF						
iedb_receptor:21865-beta					TRB	TRBV12-3		TRBJ1-5		CASSPGQGAGQPQHF	ISGHNSLFW	LIYFNNNVPIDDSG	CASSPGQGAGQPQHF						
iedb_receptor:21866-beta					TRB	TRBV7-9		TRBJ2-3		CASSPGQGGTDTQYF	ISEHNRLYW	LTYFQNEAQLEKSG	CASSPGQGGTDTQYF						
iedb_receptor:21867-beta					TRB	TRBV6-5		TRBJ2-1		CASSPGTGTYNEQFF	DMNHEYMSW	IHYSVGAGITDQGE	CASSPGTGTYNEQFF						
iedb_receptor:21868-beta					TRB	TRBV7-6		TRBJ2-5		CASSPGTSGREKETQYF	ISGHVSLYW	LTYFNYEAQQDKSG	CASSPGTSGREKETQYF						
iedb_receptor:21869-beta					TRB	TRBV14		TRBJ1-5		CASSPGTVSSNQPQHF	ISGHDNLYW	LLHFVKESKQDESG	CASSPGTVSSNQPQHF						
iedb_receptor:21870-beta					TRB	TRBV4-1		TRBJ2-7		CASSPGYEQYF	HMGHRAMYW	MFVYSYEKLSINES	CASSPGYEQYF						
iedb_receptor:21871-beta					TRB	TRBV4-2		TRBJ2-2		CASSPHEDSDTGELFF	HLGHNAMYW	MFVYNFKEQTENNS	CASSPHEDSDTGELFF						
iedb_receptor:21872-beta					TRB	TRBV18		TRBJ2-7		CASSPILGVEQYF	MKGHSHVYW	MVYLQKENIIDESG	CASSPILGVEQYF						
iedb_receptor:21873-beta					TRB	TRBV7-8		TRBJ1-1		CASSPIMNTEAFF	ISGHVSLFW	LTYFQNEAQLDKSG	CASSPIMNTEAFF						
iedb_receptor:21874-beta					TRB	TRBV4-2		TRBJ2-7		CASSPKTSGTSYEQYF	HLGHNAMYW	MFVYNFKEQTENNS	CASSPKTSGTSYEQYF						
iedb_receptor:21875-beta					TRB	TRBV11-1		TRBJ2-7		CASSPLEYSYEQYF	ISGHATLYW	LVQFQDESVVDDSQ	CASSPLEYSYEQYF						
iedb_receptor:21876-beta					TRB	TRBV4-1		TRBJ2-5		CASSPLRVAEPQETQYF	HMGHRAMYW	MFVYSYEKLSINES	CASSPLRVAEPQETQYF						
iedb_receptor:21877-beta					TRB	TRBV7-8		TRBJ1-5		CASSPLVRGRFSNQPQHF	ISGHVSLFW	LTYFQNEAQLDKSG	CASSPLVRGRFSNQPQHF						
iedb_receptor:21878-beta					TRB	TRBV7-8		TRBJ1-5		CASSPLVWGRFSNQPQHF	ISGHVSLFW	LTYFQNEAQLDKSG	CASSPLVWGRFSNQPQHF						
iedb_receptor:21879-beta					TRB	TRBV4-1		TRBJ2-7		CASSPNPAYEQYF	HMGHRAMYW	MFVYSYEKLSINES	CASSPNPAYEQYF						
iedb_receptor:21880-beta					TRB	TRBV6-6		TRBJ1-5		CASSPNRVGDQPQHF	DMNHEYMYW	IYYSVGAGITDKGE	CASSPNRVGDQPQHF						
iedb_receptor:21881-beta					TRB	TRBV7-9		TRBJ1-2		CASSPPGQGIYGYTF	ISEHNRLYW	LTYFQNEAQLEKSG	CASSPPGQGIYGYTF						
iedb_receptor:21882-beta					TRB	TRBV4-2		TRBJ1-4		CASSPPRRETTNEKLFF	HLGHNAMYW	MFVYNFKEQTENNS	CASSPPRRETTNEKLFF						
iedb_receptor:21883-beta					TRB	TRBV7-9		TRBJ2-3		CASSPQRGGPTDTQYF	ISEHNRLYW	LTYFQNEAQLEKSG	CASSPQRGGPTDTQYF						
iedb_receptor:21884-beta					TRB	TRBV7-8		TRBJ1-1		CASSPQTGWDTEAFF	ISGHVSLFW	LTYFQNEAQLDKSG	CASSPQTGWDTEAFF						
iedb_receptor:21885-beta					TRB	TRBV7-6		TRBJ1-5		CASSPRAGVNQPQHF	ISGHVSLYW	LTYFNYEAQQDKSG	CASSPRAGVNQPQHF						
iedb_receptor:21886-beta					TRB	TRBV7-8		TRBJ2-2		CASSPRANPGELFF	ISGHVSLFW	LTYFQNEAQLDKSG	CASSPRANPGELFF						
iedb_receptor:21887-beta					TRB	TRBV7-9		TRBJ2-3		CASSPRGDTQYF	ISEHNRLYW	LTYFQNEAQLEKSG	CASSPRGDTQYF						
iedb_receptor:21888-beta					TRB	TRBV7-8		TRBJ2-3		CASSPRGGAGTDTQYF	ISGHVSLFW	LTYFQNEAQLDKSG	CASSPRGGAGTDTQYF						
iedb_receptor:21889-beta					TRB	TRBV14		TRBJ2-5		CASSPRQGTETQYF	ISGHDNLYW	LLHFVKESKQDESG	CASSPRQGTETQYF						
iedb_receptor:21890-beta					TRB	TRBV4-1		TRBJ2-7		CASSPRTDLGEQYF	HMGHRAMYW	MFVYSYEKLSINES	CASSPRTDLGEQYF						
iedb_receptor:21891-beta					TRB	TRBV7-3		TRBJ2-4		CASSPTGGDIQYF	ISGHTALYW	LIYFQGTGAADDSG	CASSPTGGDIQYF						
iedb_receptor:21892-beta					TRB	TRBV13		TRBJ2-7		CASSPTGGPPSYEQYF	IPRHDTVYW	FISFYEKMQSDKGS	CASSPTGGPPSYEQYF						
iedb_receptor:21893-beta					TRB	TRBV13		TRBJ1-2		CASSPTGTRSYGYTF	IPRHDTVYW	FISFYEKMQSDKGS	CASSPTGTRSYGYTF						
iedb_receptor:21894-beta					TRB	TRBV4-1		TRBJ2-1		CASSPTPGPQFF	HMGHRAMYW	MFVYSYEKLSINES	CASSPTPGPQFF						
iedb_receptor:21895-beta					TRB	TRBV6-5		TRBJ2-7		CASSPTSGGYEQYF	DMNHEYMSW	IHYSVGAGITDQGE	CASSPTSGGYEQYF						
iedb_receptor:21896-beta					TRB	TRBV7-8		TRBJ2-7		CASSPTSSTHSYEQYF	ISGHVSLFW	LTYFQNEAQLDKSG	CASSPTSSTHSYEQYF						
iedb_receptor:21897-beta					TRB	TRBV7-8		TRBJ2-7		CASSPTSSTPSYAQYF	ISGHVSLFW	LTYFQNEAQLDKSG	CASSPTSSTPSYAQYF						
iedb_receptor:21898-beta					TRB	TRBV7-8		TRBJ2-7		CASSPTSSTTSYEQHF	ISGHVSLFW	LTYFQNEAQLDKSG	CASSPTSSTTSYEQHF						
iedb_receptor:21899-beta					TRB	TRBV7-8		TRBJ2-7		CASSPTSSTTSYEQYF	ISGHVSLFW	LTYFQNEAQLDKSG	CASSPTSSTTSYEQYF						
iedb_receptor:21900-beta					TRB	TRBV4-1		TRBJ2-7		CASSPVGAASSYEQYF	HMGHRAMYW	MFVYSYEKLSINES	CASSPVGAASSYEQYF						
iedb_receptor:21901-beta					TRB	TRBV9		TRBJ1-1		CASSPWGGGTEAFF	RSGDLSVYW	LIHYYNGEERAKGN	CASSPWGGGTEAFF						
iedb_receptor:21902-beta					TRB	TRBV7-8		TRBJ2-3		CASSPWVSGDTQYF	ISGHVSLFW	LTYFQNEAQLDKSG	CASSPWVSGDTQYF						
iedb_receptor:21903-beta					TRB	TRBV4-1		TRBJ2-7		CASSQAFRGGYEQYF	HMGHRAMYW	MFVYSYEKLSINES	CASSQAFRGGYEQYF						
iedb_receptor:21904-beta					TRB	TRBV4-2		TRBJ2-1		CASSQAGLEAYNEQFF	HLGHNAMYW	MFVYNFKEQTENNS	CASSQAGLEAYNEQFF						
iedb_receptor:21905-beta					TRB	TRBV4-1		TRBJ2-7		CASSQAGQGAYEQYF	HMGHRAMYW	MFVYSYEKLSINES	CASSQAGQGAYEQYF						
iedb_receptor:21906-beta					TRB	TRBV4-3		TRBJ2-7		CASSQAGSREQYF	HLGHNAMYW	MFVYSLEERVENNS	CASSQAGSREQYF						
iedb_receptor:21907-beta					TRB	TRBV4-3		TRBJ1-1		CASSQAKNTEAFF	HLGHNAMYW	MFVYSLEERVENNS	CASSQAKNTEAFF						
iedb_receptor:21908-beta					TRB	TRBV4-1		TRBJ2-5		CASSQARLYQETQYF	HMGHRAMYW	MFVYSYEKLSINES	CASSQARLYQETQYF						
iedb_receptor:21909-beta					TRB	TRBV4-3		TRBJ1-4		CASSQDDRVEKLFF	HLGHNAMYW	MFVYSLEERVENNS	CASSQDDRVEKLFF						
iedb_receptor:21910-beta					TRB	TRBV4-1		TRBJ2-7		CASSQDFQGGYEQYF	HMGHRAMYW	MFVYSYEKLSINES	CASSQDFQGGYEQYF						
iedb_receptor:21911-beta					TRB	TRBV4-1		TRBJ2-7		CASSQDFRGGYAQYF	HMGHRAMYW	MFVYSYEKLSINES	CASSQDFRGGYAQYF						
iedb_receptor:21912-beta					TRB	TRBV4-1		TRBJ2-7		CASSQDFRGGYEQDF	HMGHRAMYW	MFVYSYEKLSINES	CASSQDFRGGYEQDF						
iedb_receptor:21913-beta					TRB	TRBV4-1		TRBJ2-7		CASSQDFRGGYEQHF	HMGHRAMYW	MFVYSYEKLSINES	CASSQDFRGGYEQHF						
iedb_receptor:21914-beta					TRB	TRBV4-1		TRBJ2-7		CASSQDFRGGYEQYF	HMGHRAMYW	MFVYSYEKLSINES	CASSQDFRGGYEQYF						
iedb_receptor:21915-beta					TRB	TRBV4-1		TRBJ2-7			HMGHRAMYW	MFVYSYEKLSINES	CASSQDFRGGYEQYL						
iedb_receptor:21916-beta					TRB	TRBV4-1		TRBJ2-7			HMGHRAMYW	MFVYSYEKLSINES	CASSQDFRGGYEQYS						
iedb_receptor:21917-beta					TRB	TRBV7-8		TRBJ2-1		CASSQDGGNEQFF	ISGHVSLFW	LTYFQNEAQLDKSG	CASSQDGGNEQFF						
iedb_receptor:21918-beta					TRB	TRBV4-3		TRBJ2-7		CASSQDGGSPYEQYF	HLGHNAMYW	MFVYSLEERVENNS	CASSQDGGSPYEQYF						
iedb_receptor:21919-beta					TRB	TRBV4-3		TRBJ2-5		CASSQDGLALRETQYF	HLGHNAMYW	MFVYSLEERVENNS	CASSQDGLALRETQYF						
iedb_receptor:21920-beta					TRB	TRBV4-2		TRBJ2-1		CASSQDGSGGHTEQFF	HLGHNAMYW	MFVYNFKEQTENNS	CASSQDGSGGHTEQFF						
iedb_receptor:21921-beta					TRB	TRBV7-8		TRBJ2-1		CASSQDGSGGLGEQFF	ISGHVSLFW	LTYFQNEAQLDKSG	CASSQDGSGGLGEQFF						
iedb_receptor:21922-beta					TRB	TRBV4-1		TRBJ2-7		CASSQDGSGGLGEQYF	HMGHRAMYW	MFVYSYEKLSINES	CASSQDGSGGLGEQYF						
iedb_receptor:21923-beta					TRB	TRBV4-1		TRBJ2-5		CASSQDGTSGKETQYF	HMGHRAMYW	MFVYSYEKLSINES	CASSQDGTSGKETQYF						
iedb_receptor:21924-beta					TRB	TRBV14		TRBJ2-3		CASSQDLTGPTDTQYF	ISGHDNLYW	LLHFVKESKQDESG	CASSQDLTGPTDTQYF						
iedb_receptor:21925-beta					TRB	TRBV4-3		TRBJ1-3		CASSQDRGGNTIYF	HLGHNAMYW	MFVYSLEERVENNS	CASSQDRGGNTIYF						
iedb_receptor:21926-beta					TRB	TRBV4-2		TRBJ1-6		CASSQDRNRRVSPLHF	HLGHNAMYW	MFVYNFKEQTENNS	CASSQDRNRRVSPLHF						
iedb_receptor:21927-beta					TRB	TRBV4-2		TRBJ1-3		CASSQDRTDGNTIYF	HLGHNAMYW	MFVYNFKEQTENNS	CASSQDRTDGNTIYF						
iedb_receptor:21928-beta					TRB	TRBV4-2		TRBJ2-4		CASSQDRTGVRNIQYF	HLGHNAMYW	MFVYNFKEQTENNS	CASSQDRTGVRNIQYF						
iedb_receptor:21929-beta					TRB	TRBV4-2		TRBJ2-1		CASSQDSGNNEQFF	HLGHNAMYW	MFVYNFKEQTENNS	CASSQDSGNNEQFF						
iedb_receptor:21930-beta					TRB	TRBV4-3		TRBJ2-1		CASSQDSSGGLGEQFF	HLGHNAMYW	MFVYSLEERVENNS	CASSQDSSGGLGEQFF						
iedb_receptor:21931-beta					TRB	TRBV4-2		TRBJ2-7		CASSQEGPPGRNYEQYF	HLGHNAMYW	MFVYNFKEQTENNS	CASSQEGPPGRNYEQYF						
iedb_receptor:21932-beta					TRB	TRBV7-8		TRBJ2-1		CASSQEIPYEQFF	ISGHVSLFW	LTYFQNEAQLDKSG	CASSQEIPYEQFF						
iedb_receptor:21933-beta					TRB	TRBV4-1		TRBJ2-7		CASSQEIPYEQYF	HMGHRAMYW	MFVYSYEKLSINES	CASSQEIPYEQYF						
iedb_receptor:21934-beta					TRB	TRBV4-3		TRBJ2-1		CASSQELAGAYNEQFF	HLGHNAMYW	MFVYSLEERVENNS	CASSQELAGAYNEQFF						
iedb_receptor:21935-beta					TRB	TRBV4-1		TRBJ2-2		CASSQEPGLVGGELFF	HMGHRAMYW	MFVYSYEKLSINES	CASSQEPGLVGGELFF						
iedb_receptor:21936-beta					TRB	TRBV7-8		TRBJ1-4		CASSQEQGPTNEKLFF	ISGHVSLFW	LTYFQNEAQLDKSG	CASSQEQGPTNEKLFF						
iedb_receptor:23570-beta					TRB	TRBV4-1		TRBJ1-5		CASSRLGGRNQPQHF	HMGHRAMYW	MFVYSYEKLSINES	CASSRLGGRNQPQHF						
iedb_receptor:23571-beta					TRB	TRBV4-1		TRBJ1-1		CASSRPGQGDTEAFF	HMGHRAMYW	MFVYSYEKLSINES	CASSRPGQGDTEAFF						
iedb_receptor:23572-beta					TRB	TRBV7-9		TRBJ1-1		CASSRPTGNTEAFF	ISEHNRLYW	LTYFQNEAQLEKSG	CASSRPTGNTEAFF						
iedb_receptor:23573-beta					TRB	TRBV7-9		TRBJ1-1		CASSRQAPWGRDTEAFF	ISEHNRLYW	LTYFQNEAQLEKSG	CASSRQAPWGRDTEAFF						
iedb_receptor:23574-beta					TRB	TRBV14		TRBJ1-5		CASSRQGGGGNQPQHF	ISGHDNLYW	LLHFVKESKQDESG	CASSRQGGGGNQPQHF						
iedb_receptor:23575-beta					TRB	TRBV12-3		TRBJ2-5		CASSRRPGLGETQYF	ISGHNSLFW	LIYFNNNVPIDDSG	CASSRRPGLGETQYF						
iedb_receptor:23576-beta					TRB	TRBV6-2		TRBJ2-5		CASSRTGMGETQYF	DMNHEYMYW	IHYSVGEGTTAKGE	CASSRTGMGETQYF						
iedb_receptor:23577-beta					TRB	TRBV7-9		TRBJ2-5		CASSRTGQGQETQYF	ISEHNRLYW	LTYFQNEAQLEKSG	CASSRTGQGQETQYF						
iedb_receptor:23578-beta					TRB	TRBV7-7		TRBJ2-7		CASSSFCGRSYEQYF	ISSHATLYW	LTYFNYEAQPDKSG	CASSSFCGRSYEQYF						
iedb_receptor:23579-beta					TRB	TRBV25-1		TRBJ2-1		CASSSGAGEANEQFF	TMGHDKMYW	IHYSYGVNSTEKGD	CASSSGAGEANEQFF						
iedb_receptor:23580-beta					TRB	TRBV25-1		TRBJ2-7		CASSSGAGEANEQYF	TMGHDKMYW	IHYSYGVNSTEKGD	CASSSGAGEANEQYF						
iedb_receptor:23581-beta					TRB	TRBV9		TRBJ1-3		CASSSGGLSSGNTIYF	RSGDLSVYW	LIHYYNGEERAKGN	CASSSGGLSSGNTIYF						
iedb_receptor:23582-beta					TRB	TRBV6-5		TRBJ2-1		CASSSGGNEQFF	DMNHEYMSW	IHYSVGAGITDQGE	CASSSGGNEQFF						
iedb_receptor:23583-beta					TRB	TRBV7-8		TRBJ2-7		CASSSGLATGSYEQYF	ISGHVSLFW	LTYFQNEAQLDKSG	CASSSGLATGSYEQYF						
iedb_receptor:23584-beta					TRB	TRBV7-8		TRBJ2-5		CASSSGLQETQYF	ISGHVSLFW	LTYFQNEAQLDKSG	CASSSGLQETQYF						
iedb_receptor:23585-beta					TRB	TRBV19		TRBJ2-1		CASSSGNNEQFF	NLNHDAMYW	IYYSHIVNDFQKGD	CASSSGNNEQFF						
iedb_receptor:23586-beta					TRB	TRBV7-9		TRBJ2-6		CASSSGRASGANVLTF	ISEHNRLYW	LTYFQNEAQLEKSG	CASSSGRASGANVLTF						
iedb_receptor:23587-beta					TRB	TRBV7-9		TRBJ2-6		CASSSGRDSAANVLTF	ISEHNRLYW	LTYFQNEAQLEKSG	CASSSGRDSAANVLTF						
iedb_receptor:23588-beta					TRB	TRBV7-9		TRBJ2-6		CASSSGRDSGANVLTF	ISEHNRLYW	LTYFQNEAQLEKSG	CASSSGRDSGANVLTF						
iedb_receptor:23589-beta					TRB	TRBV7-9		TRBJ2-6			ISEHNRLYW	LTYFQNEAQLEKSG	CASSSGRDSGANVLTL						
iedb_receptor:23590-beta					TRB	TRBV7-6		TRBJ2-7		CASSSGTGDYEQYF	ISGHVSLYW	LTYFNYEAQQDKSG	CASSSGTGDYEQYF						
iedb_receptor:23591-beta					TRB	TRBV7-9		TRBJ2-5		CASSSGTSGSVETQYF	ISEHNRLYW	LTYFQNEAQLEKSG	CASSSGTSGSVETQYF						
iedb_receptor:23592-beta					TRB	TRBV7-9		TRBJ2-1		CASSSKGLVESTTEQFF	ISEHNRLYW	LTYFQNEAQLEKSG	CASSSKGLVESTTEQFF						
iedb_receptor:23593-beta					TRB	TRBV27		TRBJ2-7		CASSSKTGAYEQYF	NMNHEYMSW	IYYSMNVEVTDKGD	CASSSKTGAYEQYF						
iedb_receptor:23594-beta					TRB	TRBV7-6		TRBJ2-7		CASSSLAGDLGEQYF	ISGHVSLYW	LTYFNYEAQQDKSG	CASSSLAGDLGEQYF						
iedb_receptor:23595-beta					TRB	TRBV7-2		TRBJ2-1		CASSSLGGDEQFF	ISGHTALYW	LIYFQGNSAPDKSG	CASSSLGGDEQFF						
iedb_receptor:23633-beta					TRB	TRBV29-1		TRBJ1-4		CSVGSGGTNEKLFF	DSQVTMIFW	IATANQGSEATYESG	CSVGSGGTNEKLFF						
iedb_receptor:23653-beta					TRB	TRBV7-8		TRBJ2-5		CASSSLRVETQYF	ISGHVSLFW	LTYFQNEAQLDKSG	CASSSLRVETQYF						
iedb_receptor:23654-beta					TRB	TRBV12-3		TRBJ1-2		CASSSPARAYGYTF	ISGHNSLFW	LIYFNNNVPIDDSG	CASSSPARAYGYTF						
iedb_receptor:23655-beta					TRB	TRBV7-6		TRBJ2-7		CASSSPHRGRFEQYF	ISGHVSLYW	LTYFNYEAQQDKSG	CASSSPHRGRFEQYF						
iedb_receptor:23656-beta					TRB	TRBV7-9		TRBJ2-7		CASSSPPGVVEQYF	ISEHNRLYW	LTYFQNEAQLEKSG	CASSSPPGVVEQYF						
iedb_receptor:23657-beta					TRB	TRBV7-9		TRBJ2-1		CASSSQGASEQFF	ISEHNRLYW	LTYFQNEAQLEKSG	CASSSQGASEQFF						
iedb_receptor:23658-beta					TRB	TRBV7-2		TRBJ2-1		CASSSQLWREEIEQFF	ISGHTALYW	LIYFQGNSAPDKSG	CASSSQLWREEIEQFF						
iedb_receptor:23659-beta					TRB	TRBV7-8		TRBJ2-7		CASSSRGTYEQYF	ISGHVSLFW	LTYFQNEAQLDKSG	CASSSRGTYEQYF						
iedb_receptor:23660-beta					TRB	TRBV7-8		TRBJ2-7		CASSSRWVGGSSYEQYF	ISGHVSLFW	LTYFQNEAQLDKSG	CASSSRWVGGSSYEQYF						
iedb_receptor:23661-beta					TRB	TRBV27		TRBJ2-3		CASSSSPTLPPDTQYF	NMNHEYMSW	IYYSMNVEVTDKGD	CASSSSPTLPPDTQYF						
iedb_receptor:23662-beta					TRB	TRBV7-3		TRBJ1-2		CASSSSTGDDYTF	ISGHTALYW	LIYFQGTGAADDSG	CASSSSTGDDYTF						
iedb_receptor:23663-beta					TRB	TRBV7-8		TRBJ2-7		CASSSTATYEQYF	ISGHVSLFW	LTYFQNEAQLDKSG	CASSSTATYEQYF						
iedb_receptor:23664-beta					TRB	TRBV7-6		TRBJ1-1		CASSSTDEATEAFF	ISGHVSLYW	LTYFNYEAQQDKSG	CASSSTDEATEAFF						
iedb_receptor:23665-beta					TRB	TRBV7-9		TRBJ1-1		CASSSTETGTEAFF	ISEHNRLYW	LTYFQNEAQLEKSG	CASSSTETGTEAFF						
iedb_receptor:23666-beta					TRB	TRBV7-9		TRBJ2-3		CASSSTGAGTDTQYF	ISEHNRLYW	LTYFQNEAQLEKSG	CASSSTGAGTDTQYF						
iedb_receptor:23667-beta					TRB	TRBV7-9		TRBJ2-3		CASSSTGEGTDTQDF	ISEHNRLYW	LTYFQNEAQLEKSG	CASSSTGEGTDTQDF						
iedb_receptor:23668-beta					TRB	TRBV12-3		TRBJ1-1		CASSSTGLNTEAFF	ISGHNSLFW	LIYFNNNVPIDDSG	CASSSTGLNTEAFF						
iedb_receptor:23669-beta					TRB	TRBV7-2		TRBJ2-2		CASSSTGNTNTGELFF	ISGHTALYW	LIYFQGNSAPDKSG	CASSSTGNTNTGELFF						
iedb_receptor:23670-beta					TRB	TRBV7-9		TRBJ2-3		CASSSTGTDDTDTQYF	ISEHNRLYW	LTYFQNEAQLEKSG	CASSSTGTDDTDTQYF						
iedb_receptor:23671-beta					TRB	TRBV7-9		TRBJ2-7		CASSSTGYEQYF	ISEHNRLYW	LTYFQNEAQLEKSG	CASSSTGYEQYF						
iedb_receptor:23672-beta					TRB	TRBV7-9		TRBJ2-7		CASSSTSSTTSYEQYF	ISEHNRLYW	LTYFQNEAQLEKSG	CASSSTSSTTSYEQYF						
iedb_receptor:23673-beta					TRB	TRBV7-8		TRBJ2-5		CASSSTSVQETQYF	ISGHVSLFW	LTYFQNEAQLDKSG	CASSSTSVQETQYF						
iedb_receptor:23674-beta					TRB	TRBV9		TRBJ2-5		CASSTGLAGGLETQYF	RSGDLSVYW	LIHYYNGEERAKGN	CASSTGLAGGLETQYF						
iedb_receptor:23675-beta					TRB	TRBV9		TRBJ1-2		CASSTGTGSAGYTF	RSGDLSVYW	LIHYYNGEERAKGN	CASSTGTGSAGYTF						
iedb_receptor:23676-beta					TRB	TRBV7-9		TRBJ2-7		CASSTGVRSYEQYF	ISEHNRLYW	LTYFQNEAQLEKSG	CASSTGVRSYEQYF						
iedb_receptor:23677-beta					TRB	TRBV4-1		TRBJ2-3		CASSTHTDTQYF	HMGHRAMYW	MFVYSYEKLSINES	CASSTHTDTQYF						
iedb_receptor:23678-beta					TRB	TRBV14		TRBJ2-5		CASSTLPRQGPQETQYF	ISGHDNLYW	LLHFVKESKQDESG	CASSTLPRQGPQETQYF						
iedb_receptor:23742-beta					TRB	TRBV29-1		TRBJ1-4		CSVGTGGTNEKLFF	DSQVTMIFW	IATANQGSEATYESG	CSVGTGGTNEKLFF						
iedb_receptor:23743-beta					TRB	TRBV7-3		TRBJ2-1		CASSTPSNNEQFF	ISGHTALYW	LIYFQGTGAADDSG	CASSTPSNNEQFF						
iedb_receptor:23744-beta					TRB	TRBV6-2		TRBJ2-5		CASSTQAQETQYF	DMNHEYMYW	IHYSVGEGTTAKGE	CASSTQAQETQYF						
iedb_receptor:23745-beta					TRB	TRBV7-2		TRBJ2-1		CASSTTSGARIGNEQFF	ISGHTALYW	LIYFQGNSAPDKSG	CASSTTSGARIGNEQFF						
iedb_receptor:23746-beta					TRB	TRBV7-8		TRBJ2-7		CASSTTSSTTSYEQYF	ISGHVSLFW	LTYFQNEAQLDKSG	CASSTTSSTTSYEQYF						
iedb_receptor:23747-beta					TRB	TRBV9		TRBJ2-1		CASSVAGGDEQFF	RSGDLSVYW	LIHYYNGEERAKGN	CASSVAGGDEQFF						
iedb_receptor:23748-beta					TRB	TRBV6-1		TRBJ2-1		CASSVLRTSGSYNEQFF	DMNHNSMYW	IYYSASEGTTDKGE	CASSVLRTSGSYNEQFF						
iedb_receptor:23749-beta					TRB	TRBV6-5		TRBJ1-1		CASSVNPGGNTEAFF	DMNHEYMSW	IHYSVGAGITDQGE	CASSVNPGGNTEAFF						
iedb_receptor:23750-beta					TRB	TRBV9		TRBJ2-3		CASSVRGRGTQTDTQYF	RSGDLSVYW	LIHYYNGEERAKGN	CASSVRGRGTQTDTQYF						
iedb_receptor:23751-beta					TRB	TRBV7-6		TRBJ2-1		CASSVSGQSFYNEQFF	ISGHVSLYW	LTYFNYEAQQDKSG	CASSVSGQSFYNEQFF						
iedb_receptor:23752-beta					TRB	TRBV9		TRBJ2-7		CASSVVGGDEQYF	RSGDLSVYW	LIHYYNGEERAKGN	CASSVVGGDEQYF						
iedb_receptor:23753-beta					TRB	TRBV9		TRBJ2-1		CASSVVGGNEQFF	RSGDLSVYW	LIHYYNGEERAKGN	CASSVVGGNEQFF						
iedb_receptor:23754-beta					TRB	TRBV9		TRBJ2-1		CASSVVGNEQFF	RSGDLSVYW	LIHYYNGEERAKGN	CASSVVGNEQFF						
iedb_receptor:23755-beta					TRB	TRBV9		TRBJ2-7		CASSVVGNEQYF	RSGDLSVYW	LIHYYNGEERAKGN	CASSVVGNEQYF						
iedb_receptor:23756-beta					TRB	TRBV13		TRBJ2-1		CASSWDSSYNEQFF	IPRHDTVYW	FISFYEKMQSDKGS	CASSWDSSYNEQFF						
iedb_receptor:23757-beta					TRB	TRBV6-2		TRBJ1-5		CASSWGAGQPQHF	DMNHEYMYW	IHYSVGEGTTAKGE	CASSWGAGQPQHF						
iedb_receptor:23758-beta					TRB	TRBV6-6		TRBJ2-1		CASSYEDGRYNEQFF	DMNHEYMYW	IYYSVGAGITDKGE	CASSYEDGRYNEQFF						
iedb_receptor:23759-beta					TRB	TRBV6-5		TRBJ2-7		CASSYGGPLEEQYF	DMNHEYMSW	IHYSVGAGITDQGE	CASSYGGPLEEQYF						
iedb_receptor:23760-beta					TRB	TRBV6-5		TRBJ1-2		CASSYGGRGYTF	DMNHEYMSW	IHYSVGAGITDQGE	CASSYGGRGYTF						
iedb_receptor:23761-beta					TRB	TRBV7-2		TRBJ1-1		CASSYGREAFF	ISGHTALYW	LIYFQGNSAPDKSG	CASSYGREAFF						
iedb_receptor:23762-beta					TRB	TRBV6-5		TRBJ2-7		CASSYGTGSSEQYF	DMNHEYMSW	IHYSVGAGITDQGE	CASSYGTGSSEQYF						
iedb_receptor:23763-beta					TRB	TRBV6-5		TRBJ2-7		CASSYLLSYEQYF	DMNHEYMSW	IHYSVGAGITDQGE	CASSYLLSYEQYF						
iedb_receptor:23764-beta					TRB	TRBV6-6		TRBJ1-1		CASSYPLGLGGTEAFF	DMNHEYMYW	IYYSVGAGITDKGE	CASSYPLGLGGTEAFF						
iedb_receptor:23765-beta					TRB	TRBV6-6		TRBJ1-3		CASSYRDGKGNTIYF	DMNHEYMYW	IYYSVGAGITDKGE	CASSYRDGKGNTIYF						
iedb_receptor:23766-beta					TRB	TRBV7-8		TRBJ2-4		CASSYRDRENIQYF	ISGHVSLFW	LTYFQNEAQLDKSG	CASSYRDRENIQYF						
iedb_receptor:23767-beta					TRB	TRBV7-9		TRBJ2-7		CASSYRDSYEQYF	ISEHNRLYW	LTYFQNEAQLEKSG	CASSYRDSYEQYF						
iedb_receptor:23813-beta					TRB	TRBV6-2		TRBJ1-1		CASSYRGDRPEAFF	DMNHEYMYW	IHYSVGEGTTAKGE	CASSYRGDRPEAFF						
iedb_receptor:23814-beta					TRB	TRBV6-2		TRBJ1-4		CASSYRLHEKLFF	DMNHEYMYW	IHYSVGEGTTAKGE	CASSYRLHEKLFF						
iedb_receptor:23815-beta					TRB	TRBV6-5		TRBJ1-3		CASSYRNTIYF	DMNHEYMSW	IHYSVGAGITDQGE	CASSYRNTIYF						
iedb_receptor:23816-beta					TRB	TRBV6-5		TRBJ2-1		CASSYSASGGEQFF	DMNHEYMSW	IHYSVGAGITDQGE	CASSYSASGGEQFF						
iedb_receptor:23817-beta					TRB	TRBV6-5		TRBJ2-7		CASSYSEGYEQYF	DMNHEYMSW	IHYSVGAGITDQGE	CASSYSEGYEQYF						
iedb_receptor:23818-beta					TRB	TRBV6-6		TRBJ2-7		CASSYSGTGAYEQYF	DMNHEYMYW	IYYSVGAGITDKGE	CASSYSGTGAYEQYF						
iedb_receptor:23819-beta					TRB	TRBV6-2		TRBJ2-7		CASSYSPGNEQYF	DMNHEYMYW	IHYSVGEGTTAKGE	CASSYSPGNEQYF						
iedb_receptor:23820-beta					TRB	TRBV7-8		TRBJ2-3		CASSYSPGPITDTQYF	ISGHVSLFW	LTYFQNEAQLDKSG	CASSYSPGPITDTQYF						
iedb_receptor:23821-beta					TRB	TRBV6-6		TRBJ1-1		CASSYSSLAGLNTEAFF	DMNHEYMYW	IYYSVGAGITDKGE	CASSYSSLAGLNTEAFF						
iedb_receptor:23822-beta					TRB	TRBV7-2		TRBJ2-3		CASSYTGGTTDTQYF	ISGHTALYW	LIYFQGNSAPDKSG	CASSYTGGTTDTQYF						
iedb_receptor:23823-beta					TRB	TRBV6-6		TRBJ1-2		CASSYYDGYGYTF	DMNHEYMYW	IYYSVGAGITDKGE	CASSYYDGYGYTF						
iedb_receptor:23824-beta					TRB	TRBV2		TRBJ2-3		CASTEGTVAPGTQYF	ISNHLYFYW	LVSFYNNEISEKSE	CASTEGTVAPGTQYF						
iedb_receptor:23825-beta					TRB	TRBV7-8		TRBJ2-5		CASTGGLAGGRTTQETQYF	ISGHVSLFW	LTYFQNEAQLDKSG	CASTGGLAGGRTTQETQYF						
iedb_receptor:23826-beta					TRB	TRBV12-3		TRBJ2-5		CASTIGGGETQYF	ISGHNSLFW	LIYFNNNVPIDDSG	CASTIGGGETQYF						
iedb_receptor:23827-beta					TRB	TRBV6-5		TRBJ1-1		CASTLAQGSQTEAFF	DMNHEYMSW	IHYSVGAGITDQGE	CASTLAQGSQTEAFF						
iedb_receptor:23828-beta					TRB	TRBV7-8		TRBJ2-5		CASTLGGDWGGQETQYF	ISGHVSLFW	LTYFQNEAQLDKSG	CASTLGGDWGGQETQYF						
iedb_receptor:23829-beta					TRB	TRBV9		TRBJ2-2		CASTLGGNTGELFF	RSGDLSVYW	LIHYYNGEERAKGN	CASTLGGNTGELFF						
iedb_receptor:23830-beta					TRB	TRBV7-8		TRBJ2-7		CASTLTTDPYEQYF	ISGHVSLFW	LTYFQNEAQLDKSG	CASTLTTDPYEQYF						
iedb_receptor:23831-beta					TRB	TRBV6-5		TRBJ2-3		CASTPALGAKQYF	DMNHEYMSW	IHYSVGAGITDQGE	CASTPALGAKQYF						
iedb_receptor:23832-beta					TRB	TRBV12-3		TRBJ2-2		CASTPHREPGELFF	ISGHNSLFW	LIYFNNNVPIDDSG	CASTPHREPGELFF						
iedb_receptor:23833-beta					TRB	TRBV19		TRBJ1-4		CASTPVTRGFEKLFF	NLNHDAMYW	IYYSHIVNDFQKGD	CASTPVTRGFEKLFF						
iedb_receptor:23834-beta					TRB	TRBV7-9		TRBJ2-3		CASTQILRTGTNTQYF	ISEHNRLYW	LTYFQNEAQLEKSG	CASTQILRTGTNTQYF						
iedb_receptor:23835-beta					TRB	TRBV10-3		TRBJ2-7		CATGTSRVYEQYF	TENHRYMYW	IHYSYGVKDTDKGE	CATGTSRVYEQYF						
iedb_receptor:23836-beta					TRB	TRBV15		TRBJ1-5		CATRQGNQPQHF	TLNHNVMYW	LFHYYDKDFNNEAD	CATRQGNQPQHF						
iedb_receptor:23837-beta					TRB	TRBV24-1		TRBJ2-7		CATSDPGTTLQYF	TKGHDRMYW	IYYSFDVKDINKGE	CATSDPGTTLQYF						
iedb_receptor:23838-beta					TRB	TRBV15		TRBJ2-2		CATSRDGSGGASGELFF	TLNHNVMYW	LFHYYDKDFNNEAD	CATSRDGSGGASGELFF						
iedb_receptor:23886-beta					TRB	TRBV15		TRBJ2-1		CATSRDVIGSNEQFF	TLNHNVMYW	LFHYYDKDFNNEAD	CATSRDVIGSNEQFF						
iedb_receptor:23887-beta					TRB	TRBV15		TRBJ2-5		CATSRERGGGGETQYF	TLNHNVMYW	LFHYYDKDFNNEAD	CATSRERGGGGETQYF						
iedb_receptor:23888-beta					TRB	TRBV15		TRBJ1-2		CATSRGQSYGYTF	TLNHNVMYW	LFHYYDKDFNNEAD	CATSRGQSYGYTF						
iedb_receptor:23889-beta					TRB	TRBV15		TRBJ2-7		CATSRLLSEQYF	TLNHNVMYW	LFHYYDKDFNNEAD	CATSRLLSEQYF						
iedb_receptor:23890-beta					TRB	TRBV15		TRBJ2-7		CATSRTEGLSEQYF	TLNHNVMYW	LFHYYDKDFNNEAD	CATSRTEGLSEQYF						
iedb_receptor:23891-beta					TRB	TRBV15		TRBJ2-3		CATSRVKAFRDTQYF	TLNHNVMYW	LFHYYDKDFNNEAD	CATSRVKAFRDTQYF						
iedb_receptor:23892-beta					TRB	TRBV15		TRBJ2-5		CATSRVNPQETQYF	TLNHNVMYW	LFHYYDKDFNNEAD	CATSRVNPQETQYF						
iedb_receptor:23893-beta					TRB	TRBV15		TRBJ2-3		CATSSASGRGSDTQYF	TLNHNVMYW	LFHYYDKDFNNEAD	CATSSASGRGSDTQYF						
iedb_receptor:23894-beta					TRB	TRBV15		TRBJ2-3		CATSSASGSGSDTQYF	TLNHNVMYW	LFHYYDKDFNNEAD	CATSSASGSGSDTQYF						
iedb_receptor:23895-beta					TRB	TRBV15		TRBJ2-3		CATSSASGSTDTQYF	TLNHNVMYW	LFHYYDKDFNNEAD	CATSSASGSTDTQYF						
iedb_receptor:23896-beta					TRB	TRBV15		TRBJ2-3		CATSSPQRGGPTDTQYF	TLNHNVMYW	LFHYYDKDFNNEAD	CATSSPQRGGPTDTQYF						
iedb_receptor:23897-beta					TRB	TRBV15		TRBJ2-2		CATSTFAGELFF	TLNHNVMYW	LFHYYDKDFNNEAD	CATSTFAGELFF						
iedb_receptor:23898-beta					TRB	TRBV15		TRBJ1-1		CATSYGTGEEEAFF	TLNHNVMYW	LFHYYDKDFNNEAD	CATSYGTGEEEAFF						
iedb_receptor:23899-beta					TRB	TRBV7-9		TRBJ1-2		CATTGSAYGYTF	ISEHNRLYW	LTYFQNEAQLEKSG	CATTGSAYGYTF						
iedb_receptor:23900-beta					TRB	TRBV6-9		TRBJ2-3		CATVVLLLARGEEGTDTQYF	DMNHGYLSW	IHYSVAAGITDKGE	CATVVLLLARGEEGTDTQYF						
iedb_receptor:23901-beta					TRB	TRBV30		TRBJ2-1		CAWEDRYNEQFF	GTSNPNLYW	LFYSIGIDQISSE	CAWEDRYNEQFF						
iedb_receptor:23902-beta					TRB	TRBV30		TRBJ1-2		CAWGDRGGYGYTF	GTSNPNLYW	LFYSIGIDQISSE	CAWGDRGGYGYTF						
iedb_receptor:23903-beta					TRB	TRBV30		TRBJ1-2		CAWIPTERQTYGYTF	GTSNPNLYW	LFYSIGIDQISSE	CAWIPTERQTYGYTF						
iedb_receptor:23904-beta					TRB	TRBV30		TRBJ2-5		CAWNREGSALTTQYF	GTSNPNLYW	LFYSIGIDQISSE	CAWNREGSALTTQYF						
iedb_receptor:23905-beta					TRB	TRBV30		TRBJ2-1		CAWRHRDRGSEQFF	GTSNPNLYW	LFYSIGIDQISSE	CAWRHRDRGSEQFF						
iedb_receptor:23906-beta					TRB	TRBV30		TRBJ1-5		CAWSATSSNQPQHF	GTSNPNLYW	LFYSIGIDQISSE	CAWSATSSNQPQHF						
iedb_receptor:23907-beta					TRB	TRBV30		TRBJ2-7		CAWSGLVSGGNEQYF	GTSNPNLYW	LFYSIGIDQISSE	CAWSGLVSGGNEQYF						
iedb_receptor:23908-beta					TRB	TRBV30		TRBJ1-2		CAWSMDRDFYGYTF	GTSNPNLYW	LFYSIGIDQISSE	CAWSMDRDFYGYTF						
iedb_receptor:23909-beta					TRB	TRBV30		TRBJ2-1		CAWSPIAGGRNEQFF	GTSNPNLYW	LFYSIGIDQISSE	CAWSPIAGGRNEQFF						
iedb_receptor:23910-beta					TRB	TRBV30		TRBJ2-1		CAWSRAAVEQFF	GTSNPNLYW	LFYSIGIDQISSE	CAWSRAAVEQFF						
iedb_receptor:23911-beta					TRB	TRBV30		TRBJ2-1		CAWSRGAAEQFF	GTSNPNLYW	LFYSIGIDQISSE	CAWSRGAAEQFF						
iedb_receptor:23956-beta					TRB	TRBV30		TRBJ2-1		CAWSRGAVEPFF	GTSNPNLYW	LFYSIGIDQISSE	CAWSRGAVEPFF						
iedb_receptor:23957-beta					TRB	TRBV30		TRBJ2-1		CAWSRGAVEQFF	GTSNPNLYW	LFYSIGIDQISSE	CAWSRGAVEQFF						
iedb_receptor:23958-beta					TRB	TRBV30		TRBJ2-1			GTSNPNLYW	LFYSIGIDQISSE	CAWSRGAVEQFL						
iedb_receptor:23959-beta					TRB	TRBV30		TRBJ2-1		CAWSRGAVEQLF	GTSNPNLYW	LFYSIGIDQISSE	CAWSRGAVEQLF						
iedb_receptor:23960-beta					TRB	TRBV30		TRBJ2-1		CAWSRGAVEQVF	GTSNPNLYW	LFYSIGIDQISSE	CAWSRGAVEQVF						
iedb_receptor:23961-beta					TRB	TRBV30		TRBJ2-1		CAWSRGAVEQYF	GTSNPNLYW	LFYSIGIDQISSE	CAWSRGAVEQYF						
iedb_receptor:23962-beta					TRB	TRBV30		TRBJ2-1		CAWSRRAVEQFF	GTSNPNLYW	LFYSIGIDQISSE	CAWSRRAVEQFF						
iedb_receptor:23963-beta					TRB	TRBV30		TRBJ2-7		CAWSTVTYEQYF	GTSNPNLYW	LFYSIGIDQISSE	CAWSTVTYEQYF						
iedb_receptor:23964-beta					TRB	TRBV30		TRBJ2-7		CAWSVAVEQYF	GTSNPNLYW	LFYSIGIDQISSE	CAWSVAVEQYF						
iedb_receptor:23965-beta					TRB	TRBV30		TRBJ2-7		CAWSVIGPYEPYF	GTSNPNLYW	LFYSIGIDQISSE	CAWSVIGPYEPYF						
iedb_receptor:23966-beta					TRB	TRBV30		TRBJ2-7		CAWSVIGPYEQYF	GTSNPNLYW	LFYSIGIDQISSE	CAWSVIGPYEQYF						
iedb_receptor:23967-beta					TRB	TRBV30		TRBJ2-7		CAWSVWDRGYEQYF	GTSNPNLYW	LFYSIGIDQISSE	CAWSVWDRGYEQYF						
iedb_receptor:23968-beta					TRB	TRBV30		TRBJ2-2		CAWTLAGRDNGELFF	GTSNPNLYW	LFYSIGIDQISSE	CAWTLAGRDNGELFF						
iedb_receptor:23969-beta					TRB	TRBV30		TRBJ2-2		CAWTLAGRDTGELFF	GTSNPNLYW	LFYSIGIDQISSE	CAWTLAGRDTGELFF						
iedb_receptor:23970-beta					TRB	TRBV30		TRBJ2-2		CAWTLAGRETGELFF	GTSNPNLYW	LFYSIGIDQISSE	CAWTLAGRETGELFF						
iedb_receptor:23971-beta					TRB	TRBV20-1		TRBJ1-4		CNARGQAITEKLFF	DFQATTMFW	MATSNEGSKATYEQG	CNARGQAITEKLFF						
iedb_receptor:23972-beta					TRB	TRBV20-1		TRBJ1-4		CRARGQAITEKLFF	DFQATTMFW	MATSNEGSKATYEQG	CRARGQAITEKLFF						
iedb_receptor:23973-beta					TRB	TRBV29-1		TRBJ1-5		CRVDGFRTENNQPQHF	DSQVTMIFW	IATANQGSEATYESG	CRVDGFRTENNQPQHF						
iedb_receptor:23974-beta					TRB	TRBV29-1		TRBJ1-1		CSADAFF	DSQVTMIFW	IATANQGSEATYESG	CSADAFF						
iedb_receptor:23975-beta					TRB	TRBV20-1		TRBJ2-3		CSADPGLGGTDTQYF	DFQATTMFW	MATSNEGSKATYEQG	CSADPGLGGTDTQYF						
iedb_receptor:23976-beta					TRB	TRBV20-1		TRBJ2-7		CSADRTGSYEQYF	DFQATTMFW	MATSNEGSKATYEQG	CSADRTGSYEQYF						
iedb_receptor:23977-beta					TRB	TRBV20-1		TRBJ1-1		CSAFLSTFFTEAFF	DFQATTMFW	MATSNEGSKATYEQG	CSAFLSTFFTEAFF						
iedb_receptor:23978-beta					TRB	TRBV29-1		TRBJ1-4		CSAGTEGTNEKLFF	DSQVTMIFW	IATANQGSEATYESG	CSAGTEGTNEKLFF						
iedb_receptor:23979-beta					TRB	TRBV29-1		TRBJ1-4		CSAGTGGTNEKLFF	DSQVTMIFW	IATANQGSEATYESG	CSAGTGGTNEKLFF						
iedb_receptor:23980-beta					TRB	TRBV20-1		TRBJ2-1		CSAIPQGTPYNEQFF	DFQATTMFW	MATSNEGSKATYEQG	CSAIPQGTPYNEQFF						
iedb_receptor:23981-beta					TRB	TRBV20-1		TRBJ1-4		CSAKGQAITEKLFF	DFQATTMFW	MATSNEGSKATYEQG	CSAKGQAITEKLFF						
iedb_receptor:24028-beta					TRB	TRBV20-1		TRBJ2-4		CSAMNAGLPPNIQYF	DFQATTMFW	MATSNEGSKATYEQG	CSAMNAGLPPNIQYF						
iedb_receptor:24029-beta					TRB	TRBV20-1		TRBJ1-1		CSARAGADTEAFF	DFQATTMFW	MATSNEGSKATYEQG	CSARAGADTEAFF						
iedb_receptor:24030-beta					TRB	TRBV20-1		TRBJ1-3		CSARAGVGNTIYF	DFQATTMFW	MATSNEGSKATYEQG	CSARAGVGNTIYF						
iedb_receptor:24031-beta					TRB	TRBV20-1		TRBJ1-2		CSARDGTGNGYTF	DFQATTMFW	MATSNEGSKATYEQG	CSARDGTGNGYTF						
iedb_receptor:24032-beta					TRB	TRBV20-1		TRBJ1-2		CSARDKTGNGYTF	DFQATTMFW	MATSNEGSKATYEQG	CSARDKTGNGYTF						
iedb_receptor:24033-beta					TRB	TRBV20-1		TRBJ1-2		CSARDQTGNGYTF	DFQATTMFW	MATSNEGSKATYEQG	CSARDQTGNGYTF						
iedb_receptor:24034-beta					TRB	TRBV20-1		TRBJ1-1		CSARDRDRSLATEAFF	DFQATTMFW	MATSNEGSKATYEQG	CSARDRDRSLATEAFF						
iedb_receptor:24035-beta					TRB	TRBV20-1		TRBJ1-3		CSARDRGIGNTIYF	DFQATTMFW	MATSNEGSKATYEQG	CSARDRGIGNTIYF						
iedb_receptor:24036-beta					TRB	TRBV20-1		TRBJ1-2		CSARDRIGNGYTF	DFQATTMFW	MATSNEGSKATYEQG	CSARDRIGNGYTF						
iedb_receptor:24037-beta					TRB	TRBV20-1		TRBJ1-2		CSARDRVGNGYTF	DFQATTMFW	MATSNEGSKATYEQG	CSARDRVGNGYTF						
iedb_receptor:24038-beta					TRB	TRBV20-1		TRBJ1-3		CSARDRVGNTIYF	DFQATTMFW	MATSNEGSKATYEQG	CSARDRVGNTIYF						
iedb_receptor:24039-beta					TRB	TRBV20-1		TRBJ1-2		CSARDSTGNGYTF	DFQATTMFW	MATSNEGSKATYEQG	CSARDSTGNGYTF						
iedb_receptor:24040-beta					TRB	TRBV20-1		TRBJ1-2		CSARDSVGNGYTF	DFQATTMFW	MATSNEGSKATYEQG	CSARDSVGNGYTF						
iedb_receptor:24041-beta					TRB	TRBV20-1		TRBJ2-2		CSARDTGLDTGELFF	DFQATTMFW	MATSNEGSKATYEQG	CSARDTGLDTGELFF						
iedb_receptor:24042-beta					TRB	TRBV20-1		TRBJ2-1		CSAREGLQRDNEQFF	DFQATTMFW	MATSNEGSKATYEQG	CSAREGLQRDNEQFF						
iedb_receptor:24043-beta					TRB	TRBV20-1		TRBJ1-4		CSAREQAITEKLFF	DFQATTMFW	MATSNEGSKATYEQG	CSAREQAITEKLFF						
iedb_receptor:24044-beta					TRB	TRBV20-1		TRBJ1-3		CSARFPPGNTIYF	DFQATTMFW	MATSNEGSKATYEQG	CSARFPPGNTIYF						
iedb_receptor:24045-beta					TRB	TRBV20-1		TRBJ2-3		CSARGDGGRLGTDTQYF	DFQATTMFW	MATSNEGSKATYEQG	CSARGDGGRLGTDTQYF						
iedb_receptor:24046-beta					TRB	TRBV20-1		TRBJ1-3		CSARGGPGEVGNTIYF	DFQATTMFW	MATSNEGSKATYEQG	CSARGGPGEVGNTIYF						
iedb_receptor:24047-beta					TRB	TRBV20-1		TRBJ1-4		CSARGQAITAKLFF	DFQATTMFW	MATSNEGSKATYEQG	CSARGQAITAKLFF						
iedb_receptor:24048-beta					TRB	TRBV20-1		TRBJ1-4		CSARGQAITDKLFF	DFQATTMFW	MATSNEGSKATYEQG	CSARGQAITDKLFF						
iedb_receptor:24049-beta					TRB	TRBV20-1		TRBJ1-4		CSARGQAITEKLCF	DFQATTMFW	MATSNEGSKATYEQG	CSARGQAITEKLCF						
iedb_receptor:24050-beta					TRB	TRBV20-1		TRBJ1-4			DFQATTMFW	MATSNEGSKATYEQG	CSARGQAITEKLFC						
iedb_receptor:24051-beta					TRB	TRBV20-1		TRBJ1-4		CSARGQAITEKLFF	DFQATTMFW	MATSNEGSKATYEQG	CSARGQAITEKLFF						
iedb_receptor:24052-beta					TRB	TRBV20-1		TRBJ1-4			DFQATTMFW	MATSNEGSKATYEQG	CSARGQAITEKLFL						
iedb_receptor:24053-beta					TRB	TRBV20-1		TRBJ1-4			DFQATTMFW	MATSNEGSKATYEQG	CSARGQAITEKLFS						
iedb_receptor:24102-beta					TRB	TRBV20-1		TRBJ1-4			DFQATTMFW	MATSNEGSKATYEQG	CSARGQAITEKLFV						
iedb_receptor:24103-beta					TRB	TRBV20-1		TRBJ1-4		CSARGQAITEKLLF	DFQATTMFW	MATSNEGSKATYEQG	CSARGQAITEKLLF						
iedb_receptor:24104-beta					TRB	TRBV20-1		TRBJ1-4		CSARGQAITEKLSF	DFQATTMFW	MATSNEGSKATYEQG	CSARGQAITEKLSF						
iedb_receptor:24105-beta					TRB	TRBV20-1		TRBJ1-4		CSARGQAITEKPFF	DFQATTMFW	MATSNEGSKATYEQG	CSARGQAITEKPFF						
iedb_receptor:24106-beta					TRB	TRBV20-1		TRBJ1-4		CSARGQAITEKRFF	DFQATTMFW	MATSNEGSKATYEQG	CSARGQAITEKRFF						
iedb_receptor:24107-beta					TRB	TRBV20-1		TRBJ1-4		CSARGQAITENLFF	DFQATTMFW	MATSNEGSKATYEQG	CSARGQAITENLFF						
iedb_receptor:24108-beta					TRB	TRBV20-1		TRBJ1-4		CSARGQAITEQLFF	DFQATTMFW	MATSNEGSKATYEQG	CSARGQAITEQLFF						
iedb_receptor:24109-beta					TRB	TRBV20-1		TRBJ2-7		CSARGQAPYEQYF	DFQATTMFW	MATSNEGSKATYEQG	CSARGQAPYEQYF						
iedb_receptor:24110-beta					TRB	TRBV20-1		TRBJ1-4		CSARGQATTEKLFF	DFQATTMFW	MATSNEGSKATYEQG	CSARGQATTEKLFF						
iedb_receptor:24111-beta					TRB	TRBV20-1		TRBJ1-4		CSARGQDITEKLFF	DFQATTMFW	MATSNEGSKATYEQG	CSARGQDITEKLFF						
iedb_receptor:24112-beta					TRB	TRBV20-1		TRBJ1-4		CSARGQTITEKLFF	DFQATTMFW	MATSNEGSKATYEQG	CSARGQTITEKLFF						
iedb_receptor:24113-beta					TRB	TRBV20-1		TRBJ1-3		CSARIEVGNTIYF	DFQATTMFW	MATSNEGSKATYEQG	CSARIEVGNTIYF						
iedb_receptor:24114-beta					TRB	TRBV20-1		TRBJ1-2		CSARIGVGNGYTF	DFQATTMFW	MATSNEGSKATYEQG	CSARIGVGNGYTF						
iedb_receptor:24115-beta					TRB	TRBV20-1		TRBJ1-3		CSARLGVGNTIYF	DFQATTMFW	MATSNEGSKATYEQG	CSARLGVGNTIYF						
iedb_receptor:24116-beta					TRB	TRBV20-1		TRBJ2-7		CSARLIAGPTSYEQYF	DFQATTMFW	MATSNEGSKATYEQG	CSARLIAGPTSYEQYF						
iedb_receptor:24117-beta					TRB	TRBV20-1		TRBJ1-3		CSARLQGENTIYF	DFQATTMFW	MATSNEGSKATYEQG	CSARLQGENTIYF						
iedb_receptor:24118-beta					TRB	TRBV20-1		TRBJ2-5		CSARNPGLAGVGETQYF	DFQATTMFW	MATSNEGSKATYEQG	CSARNPGLAGVGETQYF						
iedb_receptor:24119-beta					TRB	TRBV20-1		TRBJ1-2		CSARNPGSGYTF	DFQATTMFW	MATSNEGSKATYEQG	CSARNPGSGYTF						
iedb_receptor:24120-beta					TRB	TRBV20-1		TRBJ1-3		CSARSETGNTIYF	DFQATTMFW	MATSNEGSKATYEQG	CSARSETGNTIYF						
iedb_receptor:24121-beta					TRB	TRBV20-1		TRBJ1-3		CSARSGVGNTIYF	DFQATTMFW	MATSNEGSKATYEQG	CSARSGVGNTIYF						
iedb_receptor:24122-beta					TRB	TRBV20-1		TRBJ1-3		CSARSRPVGNTIYF	DFQATTMFW	MATSNEGSKATYEQG	CSARSRPVGNTIYF						
iedb_receptor:24123-beta					TRB	TRBV20-1		TRBJ1-3		CSARTGVGNTIYF	DFQATTMFW	MATSNEGSKATYEQG	CSARTGVGNTIYF						
iedb_receptor:24124-beta					TRB	TRBV20-1		TRBJ1-3		CSARTPPGNTIYF	DFQATTMFW	MATSNEGSKATYEQG	CSARTPPGNTIYF						
iedb_receptor:24125-beta					TRB	TRBV20-1		TRBJ2-7		CSARTSGTYEQYF	DFQATTMFW	MATSNEGSKATYEQG	CSARTSGTYEQYF						
iedb_receptor:24126-beta					TRB	TRBV20-1		TRBJ1-3		CSARVGVGNTIYF	DFQATTMFW	MATSNEGSKATYEQG	CSARVGVGNTIYF						
iedb_receptor:24127-beta					TRB	TRBV20-1		TRBJ1-2		CSASEGYGYTF	DFQATTMFW	MATSNEGSKATYEQG	CSASEGYGYTF						
iedb_receptor:24167-beta					TRB	TRBV20-1		TRBJ2-7		CSASPISPTGAYEQYF	DFQATTMFW	MATSNEGSKATYEQG	CSASPISPTGAYEQYF						
iedb_receptor:24168-beta					TRB	TRBV20-1		TRBJ1-6		CSATWGEGSSPLHF	DFQATTMFW	MATSNEGSKATYEQG	CSATWGEGSSPLHF						
iedb_receptor:24169-beta					TRB	TRBV20-1		TRBJ2-1		CSAVETGNEQFF	DFQATTMFW	MATSNEGSKATYEQG	CSAVETGNEQFF						
iedb_receptor:24170-beta					TRB	TRBV20-1		TRBJ2-7		CSAYPGPNYGEQYF	DFQATTMFW	MATSNEGSKATYEQG	CSAYPGPNYGEQYF						
iedb_receptor:24171-beta					TRB	TRBV20-1		TRBJ2-5		CSGEDQETQYF	DFQATTMFW	MATSNEGSKATYEQG	CSGEDQETQYF						
iedb_receptor:24172-beta					TRB	TRBV29-1		TRBJ2-5		CSGGQGETQYF	DSQVTMIFW	IATANQGSEATYESG	CSGGQGETQYF						
iedb_receptor:24173-beta					TRB	TRBV29-1		TRBJ2-7		CSGMRLLFFSYEQYF	DSQVTMIFW	IATANQGSEATYESG	CSGMRLLFFSYEQYF						
iedb_receptor:24174-beta					TRB	TRBV29-1		TRBJ2-7		CSGMRLLFSSYEQYF	DSQVTMIFW	IATANQGSEATYESG	CSGMRLLFSSYEQYF						
iedb_receptor:24175-beta					TRB	TRBV29-1		TRBJ2-7		CSGWDTSGEQYF	DSQVTMIFW	IATANQGSEATYESG	CSGWDTSGEQYF						
iedb_receptor:24176-beta					TRB	TRBV20-1		TRBJ1-4		CSTRGQAITEKLFF	DFQATTMFW	MATSNEGSKATYEQG	CSTRGQAITEKLFF						
iedb_receptor:24177-beta					TRB	TRBV29-1		TRBJ1-1		CSVAEMNTEAFF	DSQVTMIFW	IATANQGSEATYESG	CSVAEMNTEAFF						
iedb_receptor:24178-beta					TRB	TRBV29-1		TRBJ2-3		CSVDEGSDTQYF	DSQVTMIFW	IATANQGSEATYESG	CSVDEGSDTQYF						
iedb_receptor:24179-beta					TRB	TRBV29-1		TRBJ2-2		CSVDGGTTNTGELFF	DSQVTMIFW	IATANQGSEATYESG	CSVDGGTTNTGELFF						
iedb_receptor:24180-beta					TRB	TRBV29-1		TRBJ2-2		CSVDGTNTGELFF	DSQVTMIFW	IATANQGSEATYESG	CSVDGTNTGELFF						
iedb_receptor:24181-beta					TRB	TRBV29-1		TRBJ1-5		CSVEDAGGNQPQHF	DSQVTMIFW	IATANQGSEATYESG	CSVEDAGGNQPQHF						
iedb_receptor:24182-beta					TRB	TRBV29-1		TRBJ2-1		CSVEDFYNEQFF	DSQVTMIFW	IATANQGSEATYESG	CSVEDFYNEQFF						
iedb_receptor:24183-beta					TRB	TRBV29-1		TRBJ2-1			DSQVTMIFW	IATANQGSEATYESG	CSVEDFYNEQFL						
iedb_receptor:24184-beta					TRB	TRBV29-1		TRBJ2-1			DSQVTMIFW	IATANQGSEATYESG	CSVEDFYNEQFS						
iedb_receptor:24185-beta					TRB	TRBV29-1		TRBJ2-1		CSVEDFYNEQLF	DSQVTMIFW	IATANQGSEATYESG	CSVEDFYNEQLF						
iedb_receptor:24186-beta					TRB	TRBV29-1		TRBJ2-1		CSVEDFYNEQSF	DSQVTMIFW	IATANQGSEATYESG	CSVEDFYNEQSF						
iedb_receptor:24187-beta					TRB	TRBV29-1		TRBJ2-5		CSVEDRAGWTQYF	DSQVTMIFW	IATANQGSEATYESG	CSVEDRAGWTQYF						
iedb_receptor:24188-beta					TRB	TRBV29-1		TRBJ1-5		CSVEGFQTENNQPQHF	DSQVTMIFW	IATANQGSEATYESG	CSVEGFQTENNQPQHF						
iedb_receptor:24189-beta					TRB	TRBV29-1		TRBJ1-5		CSVEGFRTEKNQPQHF	DSQVTMIFW	IATANQGSEATYESG	CSVEGFRTEKNQPQHF						
iedb_receptor:24190-beta					TRB	TRBV29-1		TRBJ1-5		CSVEGFRTENKQPQHF	DSQVTMIFW	IATANQGSEATYESG	CSVEGFRTENKQPQHF						
iedb_receptor:24191-beta					TRB	TRBV29-1		TRBJ1-5			DSQVTMIFW	IATANQGSEATYESG	CSVEGFRTENNQPQHC						
iedb_receptor:24192-beta					TRB	TRBV29-1		TRBJ1-5		CSVEGFRTENNQPQHF	DSQVTMIFW	IATANQGSEATYESG	CSVEGFRTENNQPQHF						
iedb_receptor:24228-beta					TRB	TRBV29-1		TRBJ1-5			DSQVTMIFW	IATANQGSEATYESG	CSVEGFRTENNQPQHL						
iedb_receptor:24229-beta					TRB	TRBV29-1		TRBJ1-5			DSQVTMIFW	IATANQGSEATYESG	CSVEGFRTENNQPQHV						
iedb_receptor:24230-beta					TRB	TRBV29-1		TRBJ2-7		CSVEGPAGGPYEQYF	DSQVTMIFW	IATANQGSEATYESG	CSVEGPAGGPYEQYF						
iedb_receptor:24231-beta					TRB	TRBV29-1		TRBJ1-5		CSVEGSRTENNQPQHF	DSQVTMIFW	IATANQGSEATYESG	CSVEGSRTENNQPQHF						
iedb_receptor:24232-beta					TRB	TRBV29-1		TRBJ2-1		CSVEGTSGRGEQFF	DSQVTMIFW	IATANQGSEATYESG	CSVEGTSGRGEQFF						
iedb_receptor:24233-beta					TRB	TRBV29-1		TRBJ2-5		CSVEPPETQYF	DSQVTMIFW	IATANQGSEATYESG	CSVEPPETQYF						
iedb_receptor:24234-beta					TRB	TRBV29-1		TRBJ1-2		CSVEREGGYTF	DSQVTMIFW	IATANQGSEATYESG	CSVEREGGYTF						
iedb_receptor:24235-beta					TRB	TRBV29-1		TRBJ1-3		CSVESLGAPKSSGNTIYF	DSQVTMIFW	IATANQGSEATYESG	CSVESLGAPKSSGNTIYF						
iedb_receptor:24236-beta					TRB	TRBV29-1		TRBJ2-1		CSVESVAENEQFF	DSQVTMIFW	IATANQGSEATYESG	CSVESVAENEQFF						
iedb_receptor:24237-beta					TRB	TRBV29-1		TRBJ2-7		CSVEVARAYEQYF	DSQVTMIFW	IATANQGSEATYESG	CSVEVARAYEQYF						
iedb_receptor:24238-beta					TRB	TRBV29-1		TRBJ1-4		CSVGAGGTNEKLFF	DSQVTMIFW	IATANQGSEATYESG	CSVGAGGTNEKLFF						
iedb_receptor:24239-beta					TRB	TRBV29-1		TRBJ1-2		CSVGGRGDGYTF	DSQVTMIFW	IATANQGSEATYESG	CSVGGRGDGYTF						
iedb_receptor:24240-beta					TRB	TRBV29-1		TRBJ1-2		CSVGGSFYGYTF	DSQVTMIFW	IATANQGSEATYESG	CSVGGSFYGYTF						
iedb_receptor:24241-beta					TRB	TRBV29-1		TRBJ1-4		CSVGQGGTNEKLFF	DSQVTMIFW	IATANQGSEATYESG	CSVGQGGTNEKLFF						
iedb_receptor:24242-beta					TRB	TRBV29-1		TRBJ1-4		CSVGRDGTNEKLFF	DSQVTMIFW	IATANQGSEATYESG	CSVGRDGTNEKLFF						
iedb_receptor:24243-beta					TRB	TRBV29-1		TRBJ2-1		CSVGTSAYEQFF	DSQVTMIFW	IATANQGSEATYESG	CSVGTSAYEQFF						
iedb_receptor:24244-beta					TRB	TRBV29-1		TRBJ2-7		CSVVVSSYEQYF	DSQVTMIFW	IATANQGSEATYESG	CSVVVSSYEQYF						
iedb_receptor:24245-beta					TRB	TRBV29-1		TRBJ2-1		CSYAAGVNEQFF	DSQVTMIFW	IATANQGSEATYESG	CSYAAGVNEQFF						
iedb_receptor:24246-beta					TRB	TRBV29-1		TRBJ2-7		CSYAAGVNEQYF	DSQVTMIFW	IATANQGSEATYESG	CSYAAGVNEQYF						
iedb_receptor:24247-beta					TRB	TRBV14		TRBJ2-3		CTSSQSPGGTQYF	ISGHDNLYW	LLHFVKESKQDESG	CTSSQSPGGTQYF						
