Assay ID	Reference	Reference	Reference	Reference	Reference	Reference	Reference	Reference	Epitope	Epitope	Epitope	Epitope	Epitope	Epitope	Epitope	Epitope	Epitope	Epitope	Epitope	Epitope	Epitope	Epitope	Epitope	Epitope	Epitope	Epitope	Epitope	Related Object	Related Object	Related Object	Related Object	Related Object	Related Object	Related Object	Related Object	Related Object	Related Object	Related Object	Related Object	Related Object	Related Object	Related Object	Host	Host	Host	Host	Host	Host	Host	1st in vivo Process	1st in vivo Process	1st in vivo Process	1st in vivo Process	1st immunogen	1st immunogen	1st immunogen	1st immunogen	1st immunogen	1st immunogen	1st immunogen	1st immunogen	1st immunogen	1st immunogen	1st immunogen	1st immunogen	1st immunogen	1st immunogen	1st immunogen	1st immunogen	1st immunogen	1st immunogen	2nd in vivo Process	2nd in vivo Process	2nd in vivo Process	2nd in vivo Process	2nd immunogen	2nd immunogen	2nd immunogen	2nd immunogen	2nd immunogen	2nd immunogen	2nd immunogen	2nd immunogen	2nd immunogen	2nd immunogen	2nd immunogen	2nd immunogen	2nd immunogen	2nd immunogen	2nd immunogen	2nd immunogen	2nd immunogen	2nd immunogen	In vitro Process	in vitro Responder Cell	in vitro Responder Cell	in vitro Stimulator Cell	in vitro Stimulator Cell	in vitro immunogen	in vitro immunogen	in vitro immunogen	in vitro immunogen	in vitro immunogen	in vitro immunogen	in vitro immunogen	in vitro immunogen	in vitro immunogen	in vitro immunogen	in vitro immunogen	in vitro immunogen	in vitro immunogen	in vitro immunogen	in vitro immunogen	Adoptive Transfer	Adoptive Transfer	Immunization	Assay	Assay	Assay	Assay	Assay	Assay	Assay	Assay	Assay	Assay	Assay	Assay	Effector Cell	Effector Cell	Effector Cell	Effector Cell	Effector Cell	Effector Cell	Complex	Antigen Presenting Cell	Antigen Presenting Cell	Antigen Presenting Cell	Antigen Presenting Cell	Antigen Presenting Cell	MHC Restriction	MHC Restriction	MHC Restriction	MHC Restriction	Assay Antigen	Assay Antigen	Assay Antigen	Assay Antigen	Assay Antigen	Assay Antigen	Assay Antigen	Assay Antigen	Assay Antigen	Assay Antigen	Assay Antigen	Assay Antigen	Assay Antigen	Assay Antigen	Assay Antigen
IEDB IRI	IEDB IRI	Type	PMID	Submission ID	Authors	Journal	Date	Title	IEDB IRI	Object Type	Name	Reference Name	Modified residues	Modifications	Starting Position	Ending Position	IRI	Synonyms	Source Molecule	Source Molecule IRI	Molecule Parent	Molecule Parent IRI	Source Organism	Source Organism IRI	Species	Species IRI	Epitope Comments	Epitope Relation	Object Type	Name	Starting Position	Ending Position	IRI	Synonyms	Source Molecule	Source Molecule IRI	Molecule Parent	Molecule Parent IRI	Source Organism	Source Organism IRI	Species	Species IRI	Name	IRI	Geolocation	Geolocation IRI	Sex	Age	MHC Present	Process Type	Disease	Disease IRI	Disease Stage	Epitope Relation	Object Type	Name	Reference Name	Starting Position	Ending Position	IRI	Source Molecule	Source Molecule IRI	Molecule Parent	Molecule Parent IRI	Source Organism	Source Organism IRI	Species	Species IRI	Adjuvants	Route	Dose Schedule	Process Type	Disease	Disease IRI	Disease Stage	Epitope Relation	Object Type	Name	Reference Name	Starting Position	Ending Position	IRI	Source Molecule	Source Molecule IRI	Molecule Parent	Molecule Parent IRI	Source Organism	Source Organism IRI	Species	Species IRI	Adjuvants	Route	Dose Schedule	Process Type	Name	IRI	Name	IRI	Epitope Relation	Object Type	Name	Reference Name	Starting Position	Ending Position	IRI	Source Molecule	Source Molecule IRI	Molecule Parent	Molecule Parent IRI	Source Organism	Source Organism IRI	Species	Species IRI	Flag	Comments	Comments	Location of Assay Data in Reference	Method	Response measured	Units	IRI	Qualitative Measurement	Measurement Inequality	Quantitative measurement	Number of Subjects Tested	Number of Subjects Positive	Response Frequency (%)	Comments	Source Tissue	Source Tissue IRI	Name	IRI	Culture Condition	TCR Name	PDB ID	Source Tissue	Source Tissue IRI	Name	IRI	Culture Condition	Name	IRI	Evidence Code	Class	Epitope Relation	Object Type	Name	Reference Name	Starting Position	Ending Position	IRI	Source Molecule	Source Molecule IRI	Molecule Parent	Molecule Parent IRI	Source Organism	Source Organism IRI	Species	Species IRI
http://www.iedb.org/assay/3480642	http://www.iedb.org/reference/1031861	Literature	28636589		Jacob Glanville; Huang Huang; Allison Nau; Olivia Hatton; Lisa E Wagar; Florian Rubelt; Xuhuai Ji; Arnold Han; Sheri M Krams; Christina Pettus; Nikhil Haas; Cecilia S Lindestam Arlehamn; Alessandro Sette; Scott D Boyd; Thomas J Scriba; Olivia M Martinez; Mark M Davis	Nature	2017	Identifying specificity groups in the T cell receptor repertoire.	http://www.iedb.org/epitope/20788	Linear peptide	GLCTLVAML	EBV BMLF1 epitope			259	267			BMLF1 protein	http://www.ncbi.nlm.nih.gov/protein/CAD53409.1	mRNA export factor ICP27 homolog	http://www.uniprot.org/uniprot/Q04360	Human gammaherpesvirus 4	http://purl.obolibrary.org/obo/NCBITaxon_10376	Human gammaherpesvirus 4	http://purl.obolibrary.org/obo/NCBITaxon_10376																	Homo sapiens (human)	http://purl.obolibrary.org/obo/NCBITaxon_9606	contiguous United States of America [ID: GAZ_00003937]	http://purl.obolibrary.org/obo/GAZ_00003937				Documented exposure without evidence for disease	healthy	https://ontology.iedb.org/ontology/ONTIE_0003423		Source Organism	Organism	Human herpesvirus 4 (Epstein Barr virus)									Human gammaherpesvirus 4	http://purl.obolibrary.org/obo/NCBITaxon_10376	Human gammaherpesvirus 4	http://purl.obolibrary.org/obo/NCBITaxon_10376																																														N		Epitope-specific cells were isolated by tetramer staining and bulk or single-cell TCR sequences were obtained.	Figures 1 and extended data figure 4	multimer/tetramer	qualitative binding		http://purl.obolibrary.org/obo/OBI_1110179	Positive						Epitope-specific cells were isolated by tetramer staining and bulk or single-cell TCR sequences were obtained.	Blood	http://purl.obolibrary.org/obo/UBERON_0000178	T cell CD8+	http://purl.obolibrary.org/obo/CL_0000625	Direct Ex Vivo								HLA-A*02:01	http://purl.obolibrary.org/obo/MRO_0001007	Cited reference	I	Epitope	Linear peptide	GLCTLVAML		259	267		BMLF1 protein	http://www.ncbi.nlm.nih.gov/protein/CAD53409.1	mRNA export factor ICP27 homolog	http://www.uniprot.org/uniprot/Q04360	Human gammaherpesvirus 4	http://purl.obolibrary.org/obo/NCBITaxon_10376	Human gammaherpesvirus 4	http://purl.obolibrary.org/obo/NCBITaxon_10376
http://www.iedb.org/assay/3480639	http://www.iedb.org/reference/1031861	Literature	28636589		Jacob Glanville; Huang Huang; Allison Nau; Olivia Hatton; Lisa E Wagar; Florian Rubelt; Xuhuai Ji; Arnold Han; Sheri M Krams; Christina Pettus; Nikhil Haas; Cecilia S Lindestam Arlehamn; Alessandro Sette; Scott D Boyd; Thomas J Scriba; Olivia M Martinez; Mark M Davis	Nature	2017	Identifying specificity groups in the T cell receptor repertoire.	http://www.iedb.org/epitope/71290	Linear peptide	VTEHDTLLY	CMV pp50 epitope			245	253			DNA processivity factor	http://www.ncbi.nlm.nih.gov/protein/AAO73452.1	DNA polymerase processivity factor	http://www.uniprot.org/uniprot/F5HC97	Human betaherpesvirus 5	http://purl.obolibrary.org/obo/NCBITaxon_10359	Human betaherpesvirus 5	http://purl.obolibrary.org/obo/NCBITaxon_10359																	Homo sapiens (human)	http://purl.obolibrary.org/obo/NCBITaxon_9606	contiguous United States of America [ID: GAZ_00003937]	http://purl.obolibrary.org/obo/GAZ_00003937				Documented exposure without evidence for disease	healthy	https://ontology.iedb.org/ontology/ONTIE_0003423		Source Organism	Organism	Human herpesvirus 5 (Human cytomegalovirus)									Human betaherpesvirus 5	http://purl.obolibrary.org/obo/NCBITaxon_10359	Human betaherpesvirus 5	http://purl.obolibrary.org/obo/NCBITaxon_10359																																														N		Epitope-specific cells were isolated by tetramer staining and bulk or single-cell TCR sequences were obtained.	Figures 1 and extended data figure 4	multimer/tetramer	qualitative binding		http://purl.obolibrary.org/obo/OBI_1110179	Positive						Epitope-specific cells were isolated by tetramer staining and bulk TCR sequences were obtained.	Blood	http://purl.obolibrary.org/obo/UBERON_0000178	T cell CD8+	http://purl.obolibrary.org/obo/CL_0000625	Direct Ex Vivo								HLA-A*01:01	http://purl.obolibrary.org/obo/MRO_0001006	Cited reference	I	Epitope	Linear peptide	VTEHDTLLY		245	253		DNA processivity factor	http://www.ncbi.nlm.nih.gov/protein/AAO73452.1	DNA polymerase processivity factor	http://www.uniprot.org/uniprot/F5HC97	Human betaherpesvirus 5	http://purl.obolibrary.org/obo/NCBITaxon_10359	Human betaherpesvirus 5	http://purl.obolibrary.org/obo/NCBITaxon_10359
http://www.iedb.org/assay/3480641	http://www.iedb.org/reference/1031861	Literature	28636589		Jacob Glanville; Huang Huang; Allison Nau; Olivia Hatton; Lisa E Wagar; Florian Rubelt; Xuhuai Ji; Arnold Han; Sheri M Krams; Christina Pettus; Nikhil Haas; Cecilia S Lindestam Arlehamn; Alessandro Sette; Scott D Boyd; Thomas J Scriba; Olivia M Martinez; Mark M Davis	Nature	2017	Identifying specificity groups in the T cell receptor repertoire.	http://www.iedb.org/epitope/44920	Linear peptide	NLVPMVATV	CMV pp65 epitope			485	493			pp65	http://www.ncbi.nlm.nih.gov/protein/AAA45994.1	65 kDa phosphoprotein	http://www.uniprot.org/uniprot/Q6SW59	Human betaherpesvirus 5	http://purl.obolibrary.org/obo/NCBITaxon_10359	Human betaherpesvirus 5	http://purl.obolibrary.org/obo/NCBITaxon_10359																	Homo sapiens (human)	http://purl.obolibrary.org/obo/NCBITaxon_9606	contiguous United States of America [ID: GAZ_00003937]	http://purl.obolibrary.org/obo/GAZ_00003937				Documented exposure without evidence for disease	healthy	https://ontology.iedb.org/ontology/ONTIE_0003423		Source Organism	Organism	Human herpesvirus 5 (Human cytomegalovirus)									Human betaherpesvirus 5	http://purl.obolibrary.org/obo/NCBITaxon_10359	Human betaherpesvirus 5	http://purl.obolibrary.org/obo/NCBITaxon_10359																																														N		Epitope-specific cells were isolated by tetramer staining and bulk or single-cell TCR sequences were obtained.	Figures 1 and extended data figure 4	multimer/tetramer	qualitative binding		http://purl.obolibrary.org/obo/OBI_1110179	Positive						Epitope-specific cells were isolated by tetramer staining and bulk or single-cell TCR sequences were obtained.	Blood	http://purl.obolibrary.org/obo/UBERON_0000178	T cell CD8+	http://purl.obolibrary.org/obo/CL_0000625	Direct Ex Vivo								HLA-A*02:01	http://purl.obolibrary.org/obo/MRO_0001007	Cited reference	I	Epitope	Linear peptide	NLVPMVATV		485	493		pp65	http://www.ncbi.nlm.nih.gov/protein/AAA45994.1	65 kDa phosphoprotein	http://www.uniprot.org/uniprot/Q6SW59	Human betaherpesvirus 5	http://purl.obolibrary.org/obo/NCBITaxon_10359	Human betaherpesvirus 5	http://purl.obolibrary.org/obo/NCBITaxon_10359
http://www.iedb.org/assay/3480644	http://www.iedb.org/reference/1031861	Literature	28636589		Jacob Glanville; Huang Huang; Allison Nau; Olivia Hatton; Lisa E Wagar; Florian Rubelt; Xuhuai Ji; Arnold Han; Sheri M Krams; Christina Pettus; Nikhil Haas; Cecilia S Lindestam Arlehamn; Alessandro Sette; Scott D Boyd; Thomas J Scriba; Olivia M Martinez; Mark M Davis	Nature	2017	Identifying specificity groups in the T cell receptor repertoire.	http://www.iedb.org/epitope/65748	Linear peptide	TPRVTGGGAM	CMV pp65 epitope			407	416			pp65	http://www.ncbi.nlm.nih.gov/protein/AAA45994.1	65 kDa phosphoprotein	http://www.uniprot.org/uniprot/Q6SW59	Human betaherpesvirus 5	http://purl.obolibrary.org/obo/NCBITaxon_10359	Human betaherpesvirus 5	http://purl.obolibrary.org/obo/NCBITaxon_10359																	Homo sapiens (human)	http://purl.obolibrary.org/obo/NCBITaxon_9606	contiguous United States of America [ID: GAZ_00003937]	http://purl.obolibrary.org/obo/GAZ_00003937				Documented exposure without evidence for disease	healthy	https://ontology.iedb.org/ontology/ONTIE_0003423		Source Organism	Organism	Human herpesvirus 5 (Human cytomegalovirus)									Human betaherpesvirus 5	http://purl.obolibrary.org/obo/NCBITaxon_10359	Human betaherpesvirus 5	http://purl.obolibrary.org/obo/NCBITaxon_10359																																														N			Figures 1 and extended data figure 4	multimer/tetramer	qualitative binding		http://purl.obolibrary.org/obo/OBI_1110179	Positive						Epitope-specific cells were isolated by tetramer staining and bulk TCR sequences were obtained.	Blood	http://purl.obolibrary.org/obo/UBERON_0000178	T cell CD8+	http://purl.obolibrary.org/obo/CL_0000625	Direct Ex Vivo								HLA-B*07:02	http://purl.obolibrary.org/obo/MRO_0001062	Cited reference	I	Epitope	Linear peptide	TPRVTGGGAM		407	416		pp65	http://www.ncbi.nlm.nih.gov/protein/AAA45994.1	65 kDa phosphoprotein	http://www.uniprot.org/uniprot/Q6SW59	Human betaherpesvirus 5	http://purl.obolibrary.org/obo/NCBITaxon_10359	Human betaherpesvirus 5	http://purl.obolibrary.org/obo/NCBITaxon_10359
http://www.iedb.org/assay/3480640	http://www.iedb.org/reference/1031861	Literature	28636589		Jacob Glanville; Huang Huang; Allison Nau; Olivia Hatton; Lisa E Wagar; Florian Rubelt; Xuhuai Ji; Arnold Han; Sheri M Krams; Christina Pettus; Nikhil Haas; Cecilia S Lindestam Arlehamn; Alessandro Sette; Scott D Boyd; Thomas J Scriba; Olivia M Martinez; Mark M Davis	Nature	2017	Identifying specificity groups in the T cell receptor repertoire.	http://www.iedb.org/epitope/7136	Linear peptide	CTELKLSDY	FLU NP44 epitope			44	52			nucleoprotein	http://www.ncbi.nlm.nih.gov/protein/AAA43467.1	Nucleoprotein	http://www.uniprot.org/uniprot/P03466	Influenza A virus	http://purl.obolibrary.org/obo/NCBITaxon_11320	Influenza A virus	http://purl.obolibrary.org/obo/NCBITaxon_11320																	Homo sapiens (human)	http://purl.obolibrary.org/obo/NCBITaxon_9606	contiguous United States of America [ID: GAZ_00003937]	http://purl.obolibrary.org/obo/GAZ_00003937				Environmental exposure to endemic/ubiquitous agent without evidence for disease	healthy	https://ontology.iedb.org/ontology/ONTIE_0003423		Source Organism	Organism	Influenza A virus									Influenza A virus	http://purl.obolibrary.org/obo/NCBITaxon_11320	Influenza A virus	http://purl.obolibrary.org/obo/NCBITaxon_11320																																														N		Epitope-specific cells were isolated by tetramer staining and bulk or single-cell TCR sequences were obtained.	Figure 1	multimer/tetramer	qualitative binding		http://purl.obolibrary.org/obo/OBI_1110179	Positive						Epitope-specific cells were isolated by tetramer staining and bulk TCR sequences were obtained.	Blood	http://purl.obolibrary.org/obo/UBERON_0000178	T cell CD8+	http://purl.obolibrary.org/obo/CL_0000625	Direct Ex Vivo								HLA-A*01:01	http://purl.obolibrary.org/obo/MRO_0001006	Cited reference	I	Epitope	Linear peptide	CTELKLSDY		44	52		nucleoprotein	http://www.ncbi.nlm.nih.gov/protein/AAA43467.1	Nucleoprotein	http://www.uniprot.org/uniprot/P03466	Influenza A virus	http://purl.obolibrary.org/obo/NCBITaxon_11320	Influenza A virus	http://purl.obolibrary.org/obo/NCBITaxon_11320
http://www.iedb.org/assay/3480643	http://www.iedb.org/reference/1031861	Literature	28636589		Jacob Glanville; Huang Huang; Allison Nau; Olivia Hatton; Lisa E Wagar; Florian Rubelt; Xuhuai Ji; Arnold Han; Sheri M Krams; Christina Pettus; Nikhil Haas; Cecilia S Lindestam Arlehamn; Alessandro Sette; Scott D Boyd; Thomas J Scriba; Olivia M Martinez; Mark M Davis	Nature	2017	Identifying specificity groups in the T cell receptor repertoire.	http://www.iedb.org/epitope/20354	Linear peptide	GILGFVFTL	FLU M1 epitope			35	43			M protein	https://www.uniprot.org/uniprot/Q5GFS2.1	Matrix protein 1	http://www.uniprot.org/uniprot/P03485	Influenza A virus	http://purl.obolibrary.org/obo/NCBITaxon_11320	Influenza A virus	http://purl.obolibrary.org/obo/NCBITaxon_11320																	Homo sapiens (human)	http://purl.obolibrary.org/obo/NCBITaxon_9606	contiguous United States of America [ID: GAZ_00003937]	http://purl.obolibrary.org/obo/GAZ_00003937				Environmental exposure to endemic/ubiquitous agent without evidence for disease	healthy	https://ontology.iedb.org/ontology/ONTIE_0003423		Source Organism	Organism	Influenza A virus									Influenza A virus	http://purl.obolibrary.org/obo/NCBITaxon_11320	Influenza A virus	http://purl.obolibrary.org/obo/NCBITaxon_11320																																														N		Epitope-specific cells were isolated by tetramer staining and bulk or single-cell TCR sequences were obtained.	Figures 1 and extended data figure 4	multimer/tetramer	qualitative binding		http://purl.obolibrary.org/obo/OBI_1110179	Positive						Epitope-specific cells were isolated by tetramer staining and bulk or single-cell TCR sequences were obtained.	Blood	http://purl.obolibrary.org/obo/UBERON_0000178	T cell CD8+	http://purl.obolibrary.org/obo/CL_0000625	Direct Ex Vivo								HLA-A*02:01	http://purl.obolibrary.org/obo/MRO_0001007	Cited reference	I	Epitope	Linear peptide	GILGFVFTL		35	43		M protein	https://www.uniprot.org/uniprot/Q5GFS2.1	Matrix protein 1	http://www.uniprot.org/uniprot/P03485	Influenza A virus	http://purl.obolibrary.org/obo/NCBITaxon_11320	Influenza A virus	http://purl.obolibrary.org/obo/NCBITaxon_11320
http://www.iedb.org/assay/3480645	http://www.iedb.org/reference/1031861	Literature	28636589		Jacob Glanville; Huang Huang; Allison Nau; Olivia Hatton; Lisa E Wagar; Florian Rubelt; Xuhuai Ji; Arnold Han; Sheri M Krams; Christina Pettus; Nikhil Haas; Cecilia S Lindestam Arlehamn; Alessandro Sette; Scott D Boyd; Thomas J Scriba; Olivia M Martinez; Mark M Davis	Nature	2017	Identifying specificity groups in the T cell receptor repertoire.	http://www.iedb.org/epitope/38688	Linear peptide	LPRRSGAAGA	FLU NP177 epitope			172	181			nucleoprotein	http://www.ncbi.nlm.nih.gov/protein/AAA43467.1	Nucleoprotein	http://www.uniprot.org/uniprot/P03466	Influenza A virus	http://purl.obolibrary.org/obo/NCBITaxon_11320	Influenza A virus	http://purl.obolibrary.org/obo/NCBITaxon_11320																	Homo sapiens (human)	http://purl.obolibrary.org/obo/NCBITaxon_9606	contiguous United States of America [ID: GAZ_00003937]	http://purl.obolibrary.org/obo/GAZ_00003937				Environmental exposure to endemic/ubiquitous agent without evidence for disease	healthy	https://ontology.iedb.org/ontology/ONTIE_0003423		Source Organism	Organism	Influenza A virus									Influenza A virus	http://purl.obolibrary.org/obo/NCBITaxon_11320	Influenza A virus	http://purl.obolibrary.org/obo/NCBITaxon_11320																																														N			Figures 1 and extended data figure 4	multimer/tetramer	qualitative binding		http://purl.obolibrary.org/obo/OBI_1110179	Positive						Epitope-specific cells were isolated by tetramer staining and bulk TCR sequences were obtained.	Blood	http://purl.obolibrary.org/obo/UBERON_0000178	T cell CD8+	http://purl.obolibrary.org/obo/CL_0000625	Direct Ex Vivo								HLA-B*07:02	http://purl.obolibrary.org/obo/MRO_0001062	Cited reference	I	Epitope	Linear peptide	LPRRSGAAGA		172	181		nucleoprotein	http://www.ncbi.nlm.nih.gov/protein/AAA43467.1	Nucleoprotein	http://www.uniprot.org/uniprot/P03466	Influenza A virus	http://purl.obolibrary.org/obo/NCBITaxon_11320	Influenza A virus	http://purl.obolibrary.org/obo/NCBITaxon_11320
http://www.iedb.org/assay/3480646	http://www.iedb.org/reference/1031861	Literature	28636589		Jacob Glanville; Huang Huang; Allison Nau; Olivia Hatton; Lisa E Wagar; Florian Rubelt; Xuhuai Ji; Arnold Han; Sheri M Krams; Christina Pettus; Nikhil Haas; Cecilia S Lindestam Arlehamn; Alessandro Sette; Scott D Boyd; Thomas J Scriba; Olivia M Martinez; Mark M Davis	Nature	2017	Identifying specificity groups in the T cell receptor repertoire.	http://www.iedb.org/epitope/48237	Linear peptide	PKYVKQNTLKLAT	FLU HA306 epitope			306	318			hemagglutinin	http://www.ncbi.nlm.nih.gov/protein/1101228B	Hemagglutinin	http://www.uniprot.org/uniprot/P03452	Influenza A virus	http://purl.obolibrary.org/obo/NCBITaxon_11320	Influenza A virus	http://purl.obolibrary.org/obo/NCBITaxon_11320																	Homo sapiens (human)	http://purl.obolibrary.org/obo/NCBITaxon_9606	contiguous United States of America [ID: GAZ_00003937]	http://purl.obolibrary.org/obo/GAZ_00003937				Environmental exposure to endemic/ubiquitous agent without evidence for disease	healthy	https://ontology.iedb.org/ontology/ONTIE_0003423		Source Organism	Organism	Influenza A virus									Influenza A virus	http://purl.obolibrary.org/obo/NCBITaxon_11320	Influenza A virus	http://purl.obolibrary.org/obo/NCBITaxon_11320																																														N			Figures 1 and extended data figures 2 and 4	multimer/tetramer	qualitative binding		http://purl.obolibrary.org/obo/OBI_1110179	Positive						Epitope-specific cells were isolated from tonsil tissue by tetramer staining and single-cell TCR sequences were obtained.	Lymph Node	http://purl.obolibrary.org/obo/UBERON_0000029	T cell CD4+	http://purl.obolibrary.org/obo/CL_0000624	Direct Ex Vivo								HLA-DRB1*04:01	http://purl.obolibrary.org/obo/MRO_0001290	Cited reference	II	Epitope	Linear peptide	PKYVKQNTLKLAT		306	318		hemagglutinin	http://www.ncbi.nlm.nih.gov/protein/1101228B	Hemagglutinin	http://www.uniprot.org/uniprot/P03452	Influenza A virus	http://purl.obolibrary.org/obo/NCBITaxon_11320	Influenza A virus	http://purl.obolibrary.org/obo/NCBITaxon_11320
http://www.iedb.org/assay/3480647	http://www.iedb.org/reference/1031861	Literature	28636589		Jacob Glanville; Huang Huang; Allison Nau; Olivia Hatton; Lisa E Wagar; Florian Rubelt; Xuhuai Ji; Arnold Han; Sheri M Krams; Christina Pettus; Nikhil Haas; Cecilia S Lindestam Arlehamn; Alessandro Sette; Scott D Boyd; Thomas J Scriba; Olivia M Martinez; Mark M Davis	Nature	2017	Identifying specificity groups in the T cell receptor repertoire.	http://www.iedb.org/epitope/62799	Linear peptide	TAAQAAVVRFQEAAN	CFP10 49–63			49	63			ESAT-6-like protein esxB	http://www.ncbi.nlm.nih.gov/protein/P0A566.2	ESAT-6-like protein EsxB	http://www.uniprot.org/uniprot/P9WNK5	Mycobacterium tuberculosis	http://purl.obolibrary.org/obo/NCBITaxon_1773	Mycobacterium tuberculosis	http://purl.obolibrary.org/obo/NCBITaxon_1773																	Homo sapiens (human)	http://purl.obolibrary.org/obo/NCBITaxon_9606	South Africa [ID: GAZ_00000553]	http://purl.obolibrary.org/obo/GAZ_00000553		12-18 years		Exposure with existing immune reactivity without evidence for disease				Source Organism	Organism	Mycobacterium tuberculosis									Mycobacterium tuberculosis	http://purl.obolibrary.org/obo/NCBITaxon_1773	Mycobacterium tuberculosis	http://purl.obolibrary.org/obo/NCBITaxon_1773																										Restimulation in vitro	PBMC	http://purl.obolibrary.org/obo/CL_2000001	PBMC	http://purl.obolibrary.org/obo/CL_2000001	Epitope	Linear peptide	TAAQAAVVRFQEAAN		49	63		ESAT-6-like protein esxB	http://www.ncbi.nlm.nih.gov/protein/P0A566.2	ESAT-6-like protein EsxB	http://www.uniprot.org/uniprot/P9WNK5	Mycobacterium tuberculosis	http://purl.obolibrary.org/obo/NCBITaxon_1773	Mycobacterium tuberculosis	http://purl.obolibrary.org/obo/NCBITaxon_1773	N		Donors are asymptomatic teenagers with latent TB infection as determined by QFT test positivity. PBMCs were stimulated with M. tuberculosis lysate for 12 h or pwith a large collection of M. tuberculosis peptides (n = 300) for 4 respectively, and activated CD4+ T cells were selected on the basis of increased surface expression of CD154 or cytokine secretion. Single cells were sorted into 96-well plates and amplified and the TCRs were sequenced. Selected TCRs were lentivirally transduced in  J76-NFATRE-luc cells.	Figures 3 and 4, supplementary table 4.	biological activity	activation		http://purl.obolibrary.org/obo/OBI_0001407	Positive						Epitope screening was performed with a luciferase assay where transduced cells were co-cultured wit HLA-transduced K562 cells and single peptides and luciferase activity was measured after 8 h.	Lymphoid	http://purl.obolibrary.org/obo/UBERON_0001744	Jurkat-T cell	http://purl.obolibrary.org/obo/CLO_0007043	Engineered	TCR001, TCR004, TCR012		Bone Marrow	http://purl.obolibrary.org/obo/UBERON_0002371	Lymphoblast		Cell Line / Clone	HLA-DQA1*01:02/DQB1*06:02	http://purl.obolibrary.org/obo/MRO_0001205	Cited reference	II	Epitope	Linear peptide	TAAQAAVVRFQEAAN		49	63		ESAT-6-like protein esxB	http://www.ncbi.nlm.nih.gov/protein/P0A566.2	ESAT-6-like protein EsxB	http://www.uniprot.org/uniprot/P9WNK5	Mycobacterium tuberculosis	http://purl.obolibrary.org/obo/NCBITaxon_1773	Mycobacterium tuberculosis	http://purl.obolibrary.org/obo/NCBITaxon_1773
http://www.iedb.org/assay/3480649	http://www.iedb.org/reference/1031861	Literature	28636589		Jacob Glanville; Huang Huang; Allison Nau; Olivia Hatton; Lisa E Wagar; Florian Rubelt; Xuhuai Ji; Arnold Han; Sheri M Krams; Christina Pettus; Nikhil Haas; Cecilia S Lindestam Arlehamn; Alessandro Sette; Scott D Boyd; Thomas J Scriba; Olivia M Martinez; Mark M Davis	Nature	2017	Identifying specificity groups in the T cell receptor repertoire.	http://www.iedb.org/epitope/179628	Linear peptide	VHVSFVMAYPEMLAA	Rv1195 15–29			15	29			PE family protein	http://www.ncbi.nlm.nih.gov/protein/ABQ72943.1	PE family protein PE13	http://www.uniprot.org/uniprot/Q79FR3	Mycobacterium tuberculosis	http://purl.obolibrary.org/obo/NCBITaxon_1773	Mycobacterium tuberculosis	http://purl.obolibrary.org/obo/NCBITaxon_1773																	Homo sapiens (human)	http://purl.obolibrary.org/obo/NCBITaxon_9606	South Africa [ID: GAZ_00000553]	http://purl.obolibrary.org/obo/GAZ_00000553		12-18 years		Exposure with existing immune reactivity without evidence for disease				Source Organism	Organism	Mycobacterium tuberculosis									Mycobacterium tuberculosis	http://purl.obolibrary.org/obo/NCBITaxon_1773	Mycobacterium tuberculosis	http://purl.obolibrary.org/obo/NCBITaxon_1773																										Restimulation in vitro	PBMC	http://purl.obolibrary.org/obo/CL_2000001	PBMC	http://purl.obolibrary.org/obo/CL_2000001	Epitope	Linear peptide	VHVSFVMAYPEMLAA		15	29		PE family protein	http://www.ncbi.nlm.nih.gov/protein/ABQ72943.1	PE family protein PE13	http://www.uniprot.org/uniprot/Q79FR3	Mycobacterium tuberculosis	http://purl.obolibrary.org/obo/NCBITaxon_1773	Mycobacterium tuberculosis	http://purl.obolibrary.org/obo/NCBITaxon_1773	N		Donors are asymptomatic teenagers with latent TB infection as determined by QFT test positivity. PBMCs were stimulated with M. tuberculosis lysate for 12 h or pwith a large collection of M. tuberculosis peptides (n = 300) for 4 respectively, and activated CD4+ T cells were selected on the basis of increased surface expression of CD154 or cytokine secretion. Single cells were sorted into 96-well plates and amplified and the TCRs were sequenced. Selected TCRs were lentivirally transduced in J76-NFATRE-luc cells. From one of those TCRs, prediction and testing of residues of the CDR3β that affect binding lead to the generation of de novo variants not found in the donors.	Figures 3, 4, 5, extended data figure 8 and  supplementary table 4.	biological activity	activation		http://purl.obolibrary.org/obo/OBI_0001407	Positive						Epitope screening was performed with a luciferase assay where transduced cells were co-cultured wit HLA-transduced K562 cells and single peptides and luciferase activity was measured after 8 h. For the de novo TCR variants generated, two of them (De12 and De15) showed improve sensitivity over the original TCR025.	Lymphoid	http://purl.obolibrary.org/obo/UBERON_0001744	Jurkat-T cell	http://purl.obolibrary.org/obo/CLO_0007043	Engineered	De09, De11, De12, De14, De15, De16, De17, De18, TCR024, TCR025		Bone Marrow	http://purl.obolibrary.org/obo/UBERON_0002371	Lymphoblast		Cell Line / Clone	HLA-DRB1*15:03	http://purl.obolibrary.org/obo/MRO_0001333	Cited reference	II	Epitope	Linear peptide	VHVSFVMAYPEMLAA		15	29		PE family protein	http://www.ncbi.nlm.nih.gov/protein/ABQ72943.1	PE family protein PE13	http://www.uniprot.org/uniprot/Q79FR3	Mycobacterium tuberculosis	http://purl.obolibrary.org/obo/NCBITaxon_1773	Mycobacterium tuberculosis	http://purl.obolibrary.org/obo/NCBITaxon_1773
http://www.iedb.org/assay/3480650	http://www.iedb.org/reference/1031861	Literature	28636589		Jacob Glanville; Huang Huang; Allison Nau; Olivia Hatton; Lisa E Wagar; Florian Rubelt; Xuhuai Ji; Arnold Han; Sheri M Krams; Christina Pettus; Nikhil Haas; Cecilia S Lindestam Arlehamn; Alessandro Sette; Scott D Boyd; Thomas J Scriba; Olivia M Martinez; Mark M Davis	Nature	2017	Identifying specificity groups in the T cell receptor repertoire.	http://www.iedb.org/epitope/179351	Linear peptide	PSPSMGRDIKVQFQS	Rv3804c 57–71			57	71			Antigen 85-A precursor	http://www.ncbi.nlm.nih.gov/protein/P0A4V2.1	Diacylglycerol acyltransferase/mycolyltransferase Ag85A	http://www.uniprot.org/uniprot/P9WQP3	Mycobacterium tuberculosis	http://purl.obolibrary.org/obo/NCBITaxon_1773	Mycobacterium tuberculosis	http://purl.obolibrary.org/obo/NCBITaxon_1773																	Homo sapiens (human)	http://purl.obolibrary.org/obo/NCBITaxon_9606	South Africa [ID: GAZ_00000553]	http://purl.obolibrary.org/obo/GAZ_00000553		12-18 years		Exposure with existing immune reactivity without evidence for disease				Source Organism	Organism	Mycobacterium tuberculosis									Mycobacterium tuberculosis	http://purl.obolibrary.org/obo/NCBITaxon_1773	Mycobacterium tuberculosis	http://purl.obolibrary.org/obo/NCBITaxon_1773																										Restimulation in vitro	PBMC	http://purl.obolibrary.org/obo/CL_2000001	PBMC	http://purl.obolibrary.org/obo/CL_2000001	Epitope	Linear peptide	PSPSMGRDIKVQFQS		57	71		Antigen 85-A precursor	http://www.ncbi.nlm.nih.gov/protein/P0A4V2.1	Diacylglycerol acyltransferase/mycolyltransferase Ag85A	http://www.uniprot.org/uniprot/P9WQP3	Mycobacterium tuberculosis	http://purl.obolibrary.org/obo/NCBITaxon_1773	Mycobacterium tuberculosis	http://purl.obolibrary.org/obo/NCBITaxon_1773	N		Donors are asymptomatic teenagers with latent TB infection as determined by QFT test positivity. PBMCs were stimulated with M. tuberculosis lysate for 12 h or pwith a large collection of M. tuberculosis peptides (n = 300) for 4 respectively, and activated CD4+ T cells were selected on the basis of increased surface expression of CD154 or cytokine secretion. Single cells were sorted into 96-well plates and amplified and the TCRs were sequenced. Selected TCRs were lentivirally transduced in  J76-NFATRE-luc cells.	Figures 3 and 4	biological activity	activation		http://purl.obolibrary.org/obo/OBI_0001407	Positive						Epitope screening was performed with a luciferase assay where transduced cells were co-cultured wit HLA-transduced K562 cells and single peptides and luciferase activity was measured after 8 h.	Lymphoid	http://purl.obolibrary.org/obo/UBERON_0001744	Jurkat-T cell	http://purl.obolibrary.org/obo/CLO_0007043	Engineered	TCR051, TCR052, TCR053, TCR054		Bone Marrow	http://purl.obolibrary.org/obo/UBERON_0002371	Lymphoblast		Cell Line / Clone	HLA-DRB1*03:01	http://purl.obolibrary.org/obo/MRO_0001284	Cited reference	II	Epitope	Linear peptide	PSPSMGRDIKVQFQS		57	71		Antigen 85-A precursor	http://www.ncbi.nlm.nih.gov/protein/P0A4V2.1	Diacylglycerol acyltransferase/mycolyltransferase Ag85A	http://www.uniprot.org/uniprot/P9WQP3	Mycobacterium tuberculosis	http://purl.obolibrary.org/obo/NCBITaxon_1773	Mycobacterium tuberculosis	http://purl.obolibrary.org/obo/NCBITaxon_1773
http://www.iedb.org/assay/3480651	http://www.iedb.org/reference/1031861	Literature	28636589		Jacob Glanville; Huang Huang; Allison Nau; Olivia Hatton; Lisa E Wagar; Florian Rubelt; Xuhuai Ji; Arnold Han; Sheri M Krams; Christina Pettus; Nikhil Haas; Cecilia S Lindestam Arlehamn; Alessandro Sette; Scott D Boyd; Thomas J Scriba; Olivia M Martinez; Mark M Davis	Nature	2017	Identifying specificity groups in the T cell receptor repertoire.	http://www.iedb.org/epitope/179254	Linear peptide	MHVSFVMAYPEMLAA	Rv1195 15-29			1	15			PE family protein	http://www.ncbi.nlm.nih.gov/protein/SGP21221.1	PE family protein PE13	http://www.uniprot.org/uniprot/Q79FR3	Mycobacterium tuberculosis	http://purl.obolibrary.org/obo/NCBITaxon_1773	Mycobacterium tuberculosis	http://purl.obolibrary.org/obo/NCBITaxon_1773																	Homo sapiens (human)	http://purl.obolibrary.org/obo/NCBITaxon_9606	South Africa [ID: GAZ_00000553]	http://purl.obolibrary.org/obo/GAZ_00000553		12-18 years		Exposure with existing immune reactivity without evidence for disease				Source Organism	Organism	Mycobacterium tuberculosis									Mycobacterium tuberculosis	http://purl.obolibrary.org/obo/NCBITaxon_1773	Mycobacterium tuberculosis	http://purl.obolibrary.org/obo/NCBITaxon_1773																										Restimulation in vitro	PBMC	http://purl.obolibrary.org/obo/CL_2000001	PBMC	http://purl.obolibrary.org/obo/CL_2000001	Epitope	Linear peptide	MHVSFVMAYPEMLAA		1	15		PE family protein	http://www.ncbi.nlm.nih.gov/protein/SGP21221.1	PE family protein PE13	http://www.uniprot.org/uniprot/Q79FR3	Mycobacterium tuberculosis	http://purl.obolibrary.org/obo/NCBITaxon_1773	Mycobacterium tuberculosis	http://purl.obolibrary.org/obo/NCBITaxon_1773	N		Donors are asymptomatic teenagers with latent TB infection as determined by QFT test positivity. PBMCs were stimulated with M. tuberculosis lysate for 12 h or pwith a large collection of M. tuberculosis peptides (n = 300) for 4 respectively, and activated CD4+ T cells were selected on the basis of increased surface expression of CD154 or cytokine secretion. Single cells were sorted into 96-well plates and amplified and the TCRs were sequenced. Selected TCRs were lentivirally transduced in J76-NFATRE-luc cells. From one of those TCRs, prediction and testing of residues of the CDR3β that affect binding lead to the generation of de novo variants not found in the donors.	Extended Data Figure 8,  supplementary table 4.	biological activity	activation		http://purl.obolibrary.org/obo/OBI_0001407	Positive						Epitope screening was performed with a luciferase assay where transduced cells were co-cultured wit HLA-transduced K562 cells and single peptides and luciferase activity was measured after 8 h. For the de novo TCR variants generated, two of them (De12 and De15) showed improve sensitivity over the original TCR025.	Lymphoid	http://purl.obolibrary.org/obo/UBERON_0001744	Jurkat-T cell	http://purl.obolibrary.org/obo/CLO_0007043	Engineered	De09, De11, De12, De14, De15, De16, De17, De18, TCR024, TCR025		Bone Marrow	http://purl.obolibrary.org/obo/UBERON_0002371	Lymphoblast		Cell Line / Clone	HLA-DRB1*15:03	http://purl.obolibrary.org/obo/MRO_0001333	MHC binding prediction	II	Epitope	Linear peptide	MHVSFVMAYPEMLAA		1	15		PE family protein	http://www.ncbi.nlm.nih.gov/protein/SGP21221.1	PE family protein PE13	http://www.uniprot.org/uniprot/Q79FR3	Mycobacterium tuberculosis	http://purl.obolibrary.org/obo/NCBITaxon_1773	Mycobacterium tuberculosis	http://purl.obolibrary.org/obo/NCBITaxon_1773
http://www.iedb.org/assay/3480655	http://www.iedb.org/reference/1031861	Literature	28636589		Jacob Glanville; Huang Huang; Allison Nau; Olivia Hatton; Lisa E Wagar; Florian Rubelt; Xuhuai Ji; Arnold Han; Sheri M Krams; Christina Pettus; Nikhil Haas; Cecilia S Lindestam Arlehamn; Alessandro Sette; Scott D Boyd; Thomas J Scriba; Olivia M Martinez; Mark M Davis	Nature	2017	Identifying specificity groups in the T cell receptor repertoire.	http://www.iedb.org/epitope/179398	Linear peptide	QVPSASMGRDIKVQF	Rv3804c 55-69			58	72			Antigen 85-C precursor	http://www.ncbi.nlm.nih.gov/protein/P0A4V4.1	Diacylglycerol acyltransferase/mycolyltransferase Ag85C	http://www.uniprot.org/uniprot/P9WQN9	Mycobacterium tuberculosis	http://purl.obolibrary.org/obo/NCBITaxon_1773	Mycobacterium tuberculosis	http://purl.obolibrary.org/obo/NCBITaxon_1773																	Homo sapiens (human)	http://purl.obolibrary.org/obo/NCBITaxon_9606	South Africa [ID: GAZ_00000553]	http://purl.obolibrary.org/obo/GAZ_00000553		12-18 years		Exposure with existing immune reactivity without evidence for disease				Source Organism	Organism	Mycobacterium tuberculosis									Mycobacterium tuberculosis	http://purl.obolibrary.org/obo/NCBITaxon_1773	Mycobacterium tuberculosis	http://purl.obolibrary.org/obo/NCBITaxon_1773																										Restimulation in vitro	PBMC	http://purl.obolibrary.org/obo/CL_2000001	PBMC	http://purl.obolibrary.org/obo/CL_2000001	Epitope	Linear peptide	QVPSASMGRDIKVQF		58	72		Antigen 85-C precursor	http://www.ncbi.nlm.nih.gov/protein/P0A4V4.1	Diacylglycerol acyltransferase/mycolyltransferase Ag85C	http://www.uniprot.org/uniprot/P9WQN9	Mycobacterium tuberculosis	http://purl.obolibrary.org/obo/NCBITaxon_1773	Mycobacterium tuberculosis	http://purl.obolibrary.org/obo/NCBITaxon_1773	N		Donors are asymptomatic teenagers with latent TB infection as determined by QFT test positivity. PBMCs were stimulated with M. tuberculosis lysate for 12 h or pwith a large collection of M. tuberculosis peptides (n = 300) for 4 respectively, and activated CD4+ T cells were selected on the basis of increased surface expression of CD154 or cytokine secretion. Single cells were sorted into 96-well plates and amplified and the TCRs were sequenced. Selected TCRs were lentivirally transduced in  J76-NFATRE-luc cells.	Extended Data Figure 8	biological activity	activation		http://purl.obolibrary.org/obo/OBI_0001407	Positive						Epitope screening was performed with a luciferase assay where transduced cells were co-cultured wit HLA-transduced K562 cells and single peptides and luciferase activity was measured after 8 h.	Lymphoid	http://purl.obolibrary.org/obo/UBERON_0001744	Jurkat-T cell	http://purl.obolibrary.org/obo/CLO_0007043	Engineered	TCR051, TCR052, TCR053, TCR054		Bone Marrow	http://purl.obolibrary.org/obo/UBERON_0002371	Lymphoblast		Cell Line / Clone	HLA-DRB1*03:01	http://purl.obolibrary.org/obo/MRO_0001284	MHC binding prediction	II	Epitope	Linear peptide	QVPSASMGRDIKVQF		58	72		Antigen 85-C precursor	http://www.ncbi.nlm.nih.gov/protein/P0A4V4.1	Diacylglycerol acyltransferase/mycolyltransferase Ag85C	http://www.uniprot.org/uniprot/P9WQN9	Mycobacterium tuberculosis	http://purl.obolibrary.org/obo/NCBITaxon_1773	Mycobacterium tuberculosis	http://purl.obolibrary.org/obo/NCBITaxon_1773
http://www.iedb.org/assay/3480656	http://www.iedb.org/reference/1031861	Literature	28636589		Jacob Glanville; Huang Huang; Allison Nau; Olivia Hatton; Lisa E Wagar; Florian Rubelt; Xuhuai Ji; Arnold Han; Sheri M Krams; Christina Pettus; Nikhil Haas; Cecilia S Lindestam Arlehamn; Alessandro Sette; Scott D Boyd; Thomas J Scriba; Olivia M Martinez; Mark M Davis	Nature	2017	Identifying specificity groups in the T cell receptor repertoire.	http://www.iedb.org/epitope/174021	Linear peptide	VPSPSMGRDIKVQFQ	Rv3804c 56-70			53	67			Antigen 85-B	http://www.ncbi.nlm.nih.gov/protein/P0C5B9.1	Diacylglycerol acyltransferase/mycolyltransferase Ag85B	http://www.uniprot.org/uniprot/P9WQP1	Mycobacterium tuberculosis	http://purl.obolibrary.org/obo/NCBITaxon_1773	Mycobacterium tuberculosis	http://purl.obolibrary.org/obo/NCBITaxon_1773																	Homo sapiens (human)	http://purl.obolibrary.org/obo/NCBITaxon_9606	South Africa [ID: GAZ_00000553]	http://purl.obolibrary.org/obo/GAZ_00000553		12-18 years		Exposure with existing immune reactivity without evidence for disease				Source Organism	Organism	Mycobacterium tuberculosis									Mycobacterium tuberculosis	http://purl.obolibrary.org/obo/NCBITaxon_1773	Mycobacterium tuberculosis	http://purl.obolibrary.org/obo/NCBITaxon_1773																										Restimulation in vitro	PBMC	http://purl.obolibrary.org/obo/CL_2000001	PBMC	http://purl.obolibrary.org/obo/CL_2000001	Epitope	Linear peptide	VPSPSMGRDIKVQFQ		53	67		Antigen 85-B	http://www.ncbi.nlm.nih.gov/protein/P0C5B9.1	Diacylglycerol acyltransferase/mycolyltransferase Ag85B	http://www.uniprot.org/uniprot/P9WQP1	Mycobacterium tuberculosis	http://purl.obolibrary.org/obo/NCBITaxon_1773	Mycobacterium tuberculosis	http://purl.obolibrary.org/obo/NCBITaxon_1773	N		Donors are asymptomatic teenagers with latent TB infection as determined by QFT test positivity. PBMCs were stimulated with M. tuberculosis lysate for 12 h or pwith a large collection of M. tuberculosis peptides (n = 300) for 4 respectively, and activated CD4+ T cells were selected on the basis of increased surface expression of CD154 or cytokine secretion. Single cells were sorted into 96-well plates and amplified and the TCRs were sequenced. Selected TCRs were lentivirally transduced in  J76-NFATRE-luc cells.	Extended Data Figure 8	biological activity	activation		http://purl.obolibrary.org/obo/OBI_0001407	Positive						Epitope screening was performed with a luciferase assay where transduced cells were co-cultured wit HLA-transduced K562 cells and single peptides and luciferase activity was measured after 8 h.	Lymphoid	http://purl.obolibrary.org/obo/UBERON_0001744	Jurkat-T cell	http://purl.obolibrary.org/obo/CLO_0007043	Engineered	TCR051, TCR052, TCR053, TCR054		Bone Marrow	http://purl.obolibrary.org/obo/UBERON_0002371	Lymphoblast		Cell Line / Clone	HLA-DRB1*03:01	http://purl.obolibrary.org/obo/MRO_0001284	MHC binding prediction	II	Epitope	Linear peptide	VPSPSMGRDIKVQFQ		53	67		Antigen 85-B	http://www.ncbi.nlm.nih.gov/protein/P0C5B9.1	Diacylglycerol acyltransferase/mycolyltransferase Ag85B	http://www.uniprot.org/uniprot/P9WQP1	Mycobacterium tuberculosis	http://purl.obolibrary.org/obo/NCBITaxon_1773	Mycobacterium tuberculosis	http://purl.obolibrary.org/obo/NCBITaxon_1773
http://www.iedb.org/assay/3480658	http://www.iedb.org/reference/1031861	Literature	28636589		Jacob Glanville; Huang Huang; Allison Nau; Olivia Hatton; Lisa E Wagar; Florian Rubelt; Xuhuai Ji; Arnold Han; Sheri M Krams; Christina Pettus; Nikhil Haas; Cecilia S Lindestam Arlehamn; Alessandro Sette; Scott D Boyd; Thomas J Scriba; Olivia M Martinez; Mark M Davis	Nature	2017	Identifying specificity groups in the T cell receptor repertoire.	http://www.iedb.org/epitope/49440	Linear peptide	PSMGRDIKVQFQSGG	Rv3804c 59-73			56	70			Antigen 85-B	http://www.ncbi.nlm.nih.gov/protein/P0C5B9.1	Diacylglycerol acyltransferase/mycolyltransferase Ag85B	http://www.uniprot.org/uniprot/P9WQP1	Mycobacterium tuberculosis	http://purl.obolibrary.org/obo/NCBITaxon_1773	Mycobacterium tuberculosis	http://purl.obolibrary.org/obo/NCBITaxon_1773																	Homo sapiens (human)	http://purl.obolibrary.org/obo/NCBITaxon_9606	South Africa [ID: GAZ_00000553]	http://purl.obolibrary.org/obo/GAZ_00000553		12-18 years		Exposure with existing immune reactivity without evidence for disease				Source Organism	Organism	Mycobacterium tuberculosis									Mycobacterium tuberculosis	http://purl.obolibrary.org/obo/NCBITaxon_1773	Mycobacterium tuberculosis	http://purl.obolibrary.org/obo/NCBITaxon_1773																										Restimulation in vitro	PBMC	http://purl.obolibrary.org/obo/CL_2000001	PBMC	http://purl.obolibrary.org/obo/CL_2000001	Epitope	Linear peptide	PSMGRDIKVQFQSGG		56	70		Antigen 85-B	http://www.ncbi.nlm.nih.gov/protein/P0C5B9.1	Diacylglycerol acyltransferase/mycolyltransferase Ag85B	http://www.uniprot.org/uniprot/P9WQP1	Mycobacterium tuberculosis	http://purl.obolibrary.org/obo/NCBITaxon_1773	Mycobacterium tuberculosis	http://purl.obolibrary.org/obo/NCBITaxon_1773	N		Donors are asymptomatic teenagers with latent TB infection as determined by QFT test positivity. PBMCs were stimulated with M. tuberculosis lysate for 12 h or pwith a large collection of M. tuberculosis peptides (n = 300) for 4 respectively, and activated CD4+ T cells were selected on the basis of increased surface expression of CD154 or cytokine secretion. Single cells were sorted into 96-well plates and amplified and the TCRs were sequenced. Selected TCRs were lentivirally transduced in  J76-NFATRE-luc cells.	Extended Data Figure 8	biological activity	activation		http://purl.obolibrary.org/obo/OBI_0001407	Positive						Epitope screening was performed with a luciferase assay where transduced cells were co-cultured wit HLA-transduced K562 cells and single peptides and luciferase activity was measured after 8 h.	Lymphoid	http://purl.obolibrary.org/obo/UBERON_0001744	Jurkat-T cell	http://purl.obolibrary.org/obo/CLO_0007043	Engineered	TCR051, TCR052, TCR053, TCR054		Bone Marrow	http://purl.obolibrary.org/obo/UBERON_0002371	Lymphoblast		Cell Line / Clone	HLA-DRB1*03:01	http://purl.obolibrary.org/obo/MRO_0001284	MHC binding prediction	II	Epitope	Linear peptide	PSMGRDIKVQFQSGG		56	70		Antigen 85-B	http://www.ncbi.nlm.nih.gov/protein/P0C5B9.1	Diacylglycerol acyltransferase/mycolyltransferase Ag85B	http://www.uniprot.org/uniprot/P9WQP1	Mycobacterium tuberculosis	http://purl.obolibrary.org/obo/NCBITaxon_1773	Mycobacterium tuberculosis	http://purl.obolibrary.org/obo/NCBITaxon_1773
http://www.iedb.org/assay/3480659	http://www.iedb.org/reference/1031861	Literature	28636589		Jacob Glanville; Huang Huang; Allison Nau; Olivia Hatton; Lisa E Wagar; Florian Rubelt; Xuhuai Ji; Arnold Han; Sheri M Krams; Christina Pettus; Nikhil Haas; Cecilia S Lindestam Arlehamn; Alessandro Sette; Scott D Boyd; Thomas J Scriba; Olivia M Martinez; Mark M Davis	Nature	2017	Identifying specificity groups in the T cell receptor repertoire.	http://www.iedb.org/epitope/173948	Linear peptide	MGRDIKVQFQSGGAN	Rv3804c 61-75			61	75			Antigen 85-A precursor	http://www.ncbi.nlm.nih.gov/protein/P0A4V2.1	Diacylglycerol acyltransferase/mycolyltransferase Ag85A	http://www.uniprot.org/uniprot/P9WQP3	Mycobacterium tuberculosis	http://purl.obolibrary.org/obo/NCBITaxon_1773	Mycobacterium tuberculosis	http://purl.obolibrary.org/obo/NCBITaxon_1773																	Homo sapiens (human)	http://purl.obolibrary.org/obo/NCBITaxon_9606	South Africa [ID: GAZ_00000553]	http://purl.obolibrary.org/obo/GAZ_00000553		12-18 years		Exposure with existing immune reactivity without evidence for disease				Source Organism	Organism	Mycobacterium tuberculosis									Mycobacterium tuberculosis	http://purl.obolibrary.org/obo/NCBITaxon_1773	Mycobacterium tuberculosis	http://purl.obolibrary.org/obo/NCBITaxon_1773																										Restimulation in vitro	PBMC	http://purl.obolibrary.org/obo/CL_2000001	PBMC	http://purl.obolibrary.org/obo/CL_2000001	Epitope	Linear peptide	MGRDIKVQFQSGGAN		61	75		Antigen 85-A precursor	http://www.ncbi.nlm.nih.gov/protein/P0A4V2.1	Diacylglycerol acyltransferase/mycolyltransferase Ag85A	http://www.uniprot.org/uniprot/P9WQP3	Mycobacterium tuberculosis	http://purl.obolibrary.org/obo/NCBITaxon_1773	Mycobacterium tuberculosis	http://purl.obolibrary.org/obo/NCBITaxon_1773	N		Donors are asymptomatic teenagers with latent TB infection as determined by QFT test positivity. PBMCs were stimulated with M. tuberculosis lysate for 12 h or pwith a large collection of M. tuberculosis peptides (n = 300) for 4 respectively, and activated CD4+ T cells were selected on the basis of increased surface expression of CD154 or cytokine secretion. Single cells were sorted into 96-well plates and amplified and the TCRs were sequenced. Selected TCRs were lentivirally transduced in  J76-NFATRE-luc cells.	Extended Data Figure 8	biological activity	activation		http://purl.obolibrary.org/obo/OBI_0001407	Positive						Epitope screening was performed with a luciferase assay where transduced cells were co-cultured wit HLA-transduced K562 cells and single peptides and luciferase activity was measured after 8 h.	Lymphoid	http://purl.obolibrary.org/obo/UBERON_0001744	Jurkat-T cell	http://purl.obolibrary.org/obo/CLO_0007043	Engineered	TCR051, TCR052, TCR053, TCR054		Bone Marrow	http://purl.obolibrary.org/obo/UBERON_0002371	Lymphoblast		Cell Line / Clone	HLA-DRB1*03:01	http://purl.obolibrary.org/obo/MRO_0001284	MHC binding prediction	II	Epitope	Linear peptide	MGRDIKVQFQSGGAN		61	75		Antigen 85-A precursor	http://www.ncbi.nlm.nih.gov/protein/P0A4V2.1	Diacylglycerol acyltransferase/mycolyltransferase Ag85A	http://www.uniprot.org/uniprot/P9WQP3	Mycobacterium tuberculosis	http://purl.obolibrary.org/obo/NCBITaxon_1773	Mycobacterium tuberculosis	http://purl.obolibrary.org/obo/NCBITaxon_1773
http://www.iedb.org/assay/3480660	http://www.iedb.org/reference/1031861	Literature	28636589		Jacob Glanville; Huang Huang; Allison Nau; Olivia Hatton; Lisa E Wagar; Florian Rubelt; Xuhuai Ji; Arnold Han; Sheri M Krams; Christina Pettus; Nikhil Haas; Cecilia S Lindestam Arlehamn; Alessandro Sette; Scott D Boyd; Thomas J Scriba; Olivia M Martinez; Mark M Davis	Nature	2017	Identifying specificity groups in the T cell receptor repertoire.	http://www.iedb.org/epitope/106658	Linear peptide	MSQIMYNYPAMMAHA	Rv0288 1-14			1	15			ESAT-6-like protein esxR	http://www.ncbi.nlm.nih.gov/protein/P64093.1	ESAT-6-like protein EsxR	http://www.uniprot.org/uniprot/P9WNI9	Mycobacterium tuberculosis	http://purl.obolibrary.org/obo/NCBITaxon_1773	Mycobacterium tuberculosis	http://purl.obolibrary.org/obo/NCBITaxon_1773																	Homo sapiens (human)	http://purl.obolibrary.org/obo/NCBITaxon_9606	South Africa [ID: GAZ_00000553]	http://purl.obolibrary.org/obo/GAZ_00000553		12-18 years		Exposure with existing immune reactivity without evidence for disease				Source Organism	Organism	Mycobacterium tuberculosis									Mycobacterium tuberculosis	http://purl.obolibrary.org/obo/NCBITaxon_1773	Mycobacterium tuberculosis	http://purl.obolibrary.org/obo/NCBITaxon_1773																										Restimulation in vitro	PBMC	http://purl.obolibrary.org/obo/CL_2000001	PBMC	http://purl.obolibrary.org/obo/CL_2000001	Epitope	Linear peptide	MSQIMYNYPAMMAHA		1	15		ESAT-6-like protein esxR	http://www.ncbi.nlm.nih.gov/protein/P64093.1	ESAT-6-like protein EsxR	http://www.uniprot.org/uniprot/P9WNI9	Mycobacterium tuberculosis	http://purl.obolibrary.org/obo/NCBITaxon_1773	Mycobacterium tuberculosis	http://purl.obolibrary.org/obo/NCBITaxon_1773	N		Donors are asymptomatic teenagers with latent TB infection as determined by QFT test positivity. PBMCs were stimulated with M. tuberculosis lysate for 12 h or pwith a large collection of M. tuberculosis peptides (n = 300) for 4 respectively, and activated CD4+ T cells were selected on the basis of increased surface expression of CD154 or cytokine secretion. Single cells were sorted into 96-well plates and amplified and the TCRs were sequenced. Selected TCRs were lentivirally transduced in  J76-NFATRE-luc cells.	Extended Data Figure 8	biological activity	activation		http://purl.obolibrary.org/obo/OBI_0001407	Positive						Epitope screening was performed with a luciferase assay where transduced cells were co-cultured wit HLA-transduced K562 cells and single peptides and luciferase activity was measured after 8 h.	Lymphoid	http://purl.obolibrary.org/obo/UBERON_0001744	Jurkat-T cell	http://purl.obolibrary.org/obo/CLO_0007043	Engineered	TCR098, TCR099		Bone Marrow	http://purl.obolibrary.org/obo/UBERON_0002371	Lymphoblast		Cell Line / Clone	HLA-DRB3*03:01	http://purl.obolibrary.org/obo/MRO_0001341	MHC binding prediction	II	Epitope	Linear peptide	MSQIMYNYPAMMAHA		1	15		ESAT-6-like protein esxR	http://www.ncbi.nlm.nih.gov/protein/P64093.1	ESAT-6-like protein EsxR	http://www.uniprot.org/uniprot/P9WNI9	Mycobacterium tuberculosis	http://purl.obolibrary.org/obo/NCBITaxon_1773	Mycobacterium tuberculosis	http://purl.obolibrary.org/obo/NCBITaxon_1773
http://www.iedb.org/assay/3480661	http://www.iedb.org/reference/1031861	Literature	28636589		Jacob Glanville; Huang Huang; Allison Nau; Olivia Hatton; Lisa E Wagar; Florian Rubelt; Xuhuai Ji; Arnold Han; Sheri M Krams; Christina Pettus; Nikhil Haas; Cecilia S Lindestam Arlehamn; Alessandro Sette; Scott D Boyd; Thomas J Scriba; Olivia M Martinez; Mark M Davis	Nature	2017	Identifying specificity groups in the T cell receptor repertoire.	http://www.iedb.org/epitope/179276	Linear peptide	MSQIMYNYPAMRAHA	Rv0288 1-14			1	15			EsxR-like protein	http://www.ncbi.nlm.nih.gov/protein/ZP_03417191.1	ESAT-6-like protein EsxR	http://www.uniprot.org/uniprot/P9WNI9	Mycobacterium tuberculosis	http://purl.obolibrary.org/obo/NCBITaxon_1773	Mycobacterium tuberculosis	http://purl.obolibrary.org/obo/NCBITaxon_1773																	Homo sapiens (human)	http://purl.obolibrary.org/obo/NCBITaxon_9606	South Africa [ID: GAZ_00000553]	http://purl.obolibrary.org/obo/GAZ_00000553		12-18 years		Exposure with existing immune reactivity without evidence for disease				Source Organism	Organism	Mycobacterium tuberculosis									Mycobacterium tuberculosis	http://purl.obolibrary.org/obo/NCBITaxon_1773	Mycobacterium tuberculosis	http://purl.obolibrary.org/obo/NCBITaxon_1773																										Restimulation in vitro	PBMC	http://purl.obolibrary.org/obo/CL_2000001	PBMC	http://purl.obolibrary.org/obo/CL_2000001	Epitope	Linear peptide	MSQIMYNYPAMRAHA		1	15		EsxR-like protein	http://www.ncbi.nlm.nih.gov/protein/ZP_03417191.1	ESAT-6-like protein EsxR	http://www.uniprot.org/uniprot/P9WNI9	Mycobacterium tuberculosis	http://purl.obolibrary.org/obo/NCBITaxon_1773	Mycobacterium tuberculosis	http://purl.obolibrary.org/obo/NCBITaxon_1773	N		Donors are asymptomatic teenagers with latent TB infection as determined by QFT test positivity. PBMCs were stimulated with M. tuberculosis lysate for 12 h or pwith a large collection of M. tuberculosis peptides (n = 300) for 4 respectively, and activated CD4+ T cells were selected on the basis of increased surface expression of CD154 or cytokine secretion. Single cells were sorted into 96-well plates and amplified and the TCRs were sequenced. Selected TCRs were lentivirally transduced in  J76-NFATRE-luc cells.	Extended Data Figure 8	biological activity	activation		http://purl.obolibrary.org/obo/OBI_0001407	Positive						Epitope screening was performed with a luciferase assay where transduced cells were co-cultured wit HLA-transduced K562 cells and single peptides and luciferase activity was measured after 8 h.	Lymphoid	http://purl.obolibrary.org/obo/UBERON_0001744	Jurkat-T cell	http://purl.obolibrary.org/obo/CLO_0007043	Engineered	TCR098, TCR099		Bone Marrow	http://purl.obolibrary.org/obo/UBERON_0002371	Lymphoblast		Cell Line / Clone	HLA-DRB3*03:01	http://purl.obolibrary.org/obo/MRO_0001341	MHC binding prediction	II	Epitope	Linear peptide	MSQIMYNYPAMRAHA		1	15		EsxR-like protein	http://www.ncbi.nlm.nih.gov/protein/ZP_03417191.1	ESAT-6-like protein EsxR	http://www.uniprot.org/uniprot/P9WNI9	Mycobacterium tuberculosis	http://purl.obolibrary.org/obo/NCBITaxon_1773	Mycobacterium tuberculosis	http://purl.obolibrary.org/obo/NCBITaxon_1773
http://www.iedb.org/assay/3480662	http://www.iedb.org/reference/1031861	Literature	28636589		Jacob Glanville; Huang Huang; Allison Nau; Olivia Hatton; Lisa E Wagar; Florian Rubelt; Xuhuai Ji; Arnold Han; Sheri M Krams; Christina Pettus; Nikhil Haas; Cecilia S Lindestam Arlehamn; Alessandro Sette; Scott D Boyd; Thomas J Scriba; Olivia M Martinez; Mark M Davis	Nature	2017	Identifying specificity groups in the T cell receptor repertoire.	http://www.iedb.org/epitope/501191	Linear peptide	MSQIMYNYPAMLGHA	Rv0288 1-14			1	15			ESAT-6-like protein esxH	http://www.ncbi.nlm.nih.gov/protein/P0A568.2	ESAT-6-like protein EsxH	http://www.uniprot.org/uniprot/P9WNK3	Mycobacterium tuberculosis	http://purl.obolibrary.org/obo/NCBITaxon_1773	Mycobacterium tuberculosis	http://purl.obolibrary.org/obo/NCBITaxon_1773																	Homo sapiens (human)	http://purl.obolibrary.org/obo/NCBITaxon_9606	South Africa [ID: GAZ_00000553]	http://purl.obolibrary.org/obo/GAZ_00000553		12-18 years		Exposure with existing immune reactivity without evidence for disease				Source Organism	Organism	Mycobacterium tuberculosis									Mycobacterium tuberculosis	http://purl.obolibrary.org/obo/NCBITaxon_1773	Mycobacterium tuberculosis	http://purl.obolibrary.org/obo/NCBITaxon_1773																										Restimulation in vitro	PBMC	http://purl.obolibrary.org/obo/CL_2000001	PBMC	http://purl.obolibrary.org/obo/CL_2000001	Epitope	Linear peptide	MSQIMYNYPAMLGHA		1	15		ESAT-6-like protein esxH	http://www.ncbi.nlm.nih.gov/protein/P0A568.2	ESAT-6-like protein EsxH	http://www.uniprot.org/uniprot/P9WNK3	Mycobacterium tuberculosis	http://purl.obolibrary.org/obo/NCBITaxon_1773	Mycobacterium tuberculosis	http://purl.obolibrary.org/obo/NCBITaxon_1773	N		Donors are asymptomatic teenagers with latent TB infection as determined by QFT test positivity. PBMCs were stimulated with M. tuberculosis lysate for 12 h or pwith a large collection of M. tuberculosis peptides (n = 300) for 4 respectively, and activated CD4+ T cells were selected on the basis of increased surface expression of CD154 or cytokine secretion. Single cells were sorted into 96-well plates and amplified and the TCRs were sequenced. Selected TCRs were lentivirally transduced in  J76-NFATRE-luc cells.	Extended Data Figure 8	biological activity	activation		http://purl.obolibrary.org/obo/OBI_0001407	Positive						Epitope screening was performed with a luciferase assay where transduced cells were co-cultured wit HLA-transduced K562 cells and single peptides and luciferase activity was measured after 8 h.	Lymphoid	http://purl.obolibrary.org/obo/UBERON_0001744	Jurkat-T cell	http://purl.obolibrary.org/obo/CLO_0007043	Engineered	TCR098, TCR099		Bone Marrow	http://purl.obolibrary.org/obo/UBERON_0002371	Lymphoblast		Cell Line / Clone	HLA-DRB3*03:01	http://purl.obolibrary.org/obo/MRO_0001341	MHC binding prediction	II	Epitope	Linear peptide	MSQIMYNYPAMLGHA		1	15		ESAT-6-like protein esxH	http://www.ncbi.nlm.nih.gov/protein/P0A568.2	ESAT-6-like protein EsxH	http://www.uniprot.org/uniprot/P9WNK3	Mycobacterium tuberculosis	http://purl.obolibrary.org/obo/NCBITaxon_1773	Mycobacterium tuberculosis	http://purl.obolibrary.org/obo/NCBITaxon_1773
http://www.iedb.org/assay/3480663	http://www.iedb.org/reference/1031861	Literature	28636589		Jacob Glanville; Huang Huang; Allison Nau; Olivia Hatton; Lisa E Wagar; Florian Rubelt; Xuhuai Ji; Arnold Han; Sheri M Krams; Christina Pettus; Nikhil Haas; Cecilia S Lindestam Arlehamn; Alessandro Sette; Scott D Boyd; Thomas J Scriba; Olivia M Martinez; Mark M Davis	Nature	2017	Identifying specificity groups in the T cell receptor repertoire.	http://www.iedb.org/epitope/505	Linear peptide	AAVVRFQEAANKQKQ	Rv3874 53-67			53	67			ESAT-6-like protein esxB	http://www.ncbi.nlm.nih.gov/protein/P0A566.2	ESAT-6-like protein EsxB	http://www.uniprot.org/uniprot/P9WNK5	Mycobacterium tuberculosis	http://purl.obolibrary.org/obo/NCBITaxon_1773	Mycobacterium tuberculosis	http://purl.obolibrary.org/obo/NCBITaxon_1773																	Homo sapiens (human)	http://purl.obolibrary.org/obo/NCBITaxon_9606	South Africa [ID: GAZ_00000553]	http://purl.obolibrary.org/obo/GAZ_00000553		12-18 years		Exposure with existing immune reactivity without evidence for disease				Source Organism	Organism	Mycobacterium tuberculosis									Mycobacterium tuberculosis	http://purl.obolibrary.org/obo/NCBITaxon_1773	Mycobacterium tuberculosis	http://purl.obolibrary.org/obo/NCBITaxon_1773																										Restimulation in vitro	PBMC	http://purl.obolibrary.org/obo/CL_2000001	PBMC	http://purl.obolibrary.org/obo/CL_2000001	Epitope	Linear peptide	AAVVRFQEAANKQKQ		53	67		ESAT-6-like protein esxB	http://www.ncbi.nlm.nih.gov/protein/P0A566.2	ESAT-6-like protein EsxB	http://www.uniprot.org/uniprot/P9WNK5	Mycobacterium tuberculosis	http://purl.obolibrary.org/obo/NCBITaxon_1773	Mycobacterium tuberculosis	http://purl.obolibrary.org/obo/NCBITaxon_1773	N		Donors are asymptomatic teenagers with latent TB infection as determined by QFT test positivity. PBMCs were stimulated with M. tuberculosis lysate for 12 h or pwith a large collection of M. tuberculosis peptides (n = 300) for 4 respectively, and activated CD4+ T cells were selected on the basis of increased surface expression of CD154 or cytokine secretion. Single cells were sorted into 96-well plates and amplified and the TCRs were sequenced. Selected TCRs were lentivirally transduced in  J76-NFATRE-luc cells.	Extended Data Figure 8	biological activity	activation		http://purl.obolibrary.org/obo/OBI_0001407	Positive						Epitope screening was performed with a luciferase assay where transduced cells were co-cultured wit HLA-transduced K562 cells and single peptides and luciferase activity was measured after 8 h.	Lymphoid	http://purl.obolibrary.org/obo/UBERON_0001744	Jurkat-T cell	http://purl.obolibrary.org/obo/CLO_0007043	Engineered	TCR087, TCR088		Bone Marrow	http://purl.obolibrary.org/obo/UBERON_0002371	Lymphoblast		Cell Line / Clone	HLA-DRB5*01:01	http://purl.obolibrary.org/obo/MRO_0001347	MHC binding prediction	II	Epitope	Linear peptide	AAVVRFQEAANKQKQ		53	67		ESAT-6-like protein esxB	http://www.ncbi.nlm.nih.gov/protein/P0A566.2	ESAT-6-like protein EsxB	http://www.uniprot.org/uniprot/P9WNK5	Mycobacterium tuberculosis	http://purl.obolibrary.org/obo/NCBITaxon_1773	Mycobacterium tuberculosis	http://purl.obolibrary.org/obo/NCBITaxon_1773
http://www.iedb.org/assay/3480664	http://www.iedb.org/reference/1031861	Literature	28636589		Jacob Glanville; Huang Huang; Allison Nau; Olivia Hatton; Lisa E Wagar; Florian Rubelt; Xuhuai Ji; Arnold Han; Sheri M Krams; Christina Pettus; Nikhil Haas; Cecilia S Lindestam Arlehamn; Alessandro Sette; Scott D Boyd; Thomas J Scriba; Olivia M Martinez; Mark M Davis	Nature	2017	Identifying specificity groups in the T cell receptor repertoire.	http://www.iedb.org/epitope/161666	Linear peptide	QAAVVRFQEAANKQK	Rv3874 52-66			52	66			ESAT-6-like protein esxB	http://www.ncbi.nlm.nih.gov/protein/P0A566.2	ESAT-6-like protein EsxB	http://www.uniprot.org/uniprot/P9WNK5	Mycobacterium tuberculosis	http://purl.obolibrary.org/obo/NCBITaxon_1773	Mycobacterium tuberculosis	http://purl.obolibrary.org/obo/NCBITaxon_1773																	Homo sapiens (human)	http://purl.obolibrary.org/obo/NCBITaxon_9606	South Africa [ID: GAZ_00000553]	http://purl.obolibrary.org/obo/GAZ_00000553		12-18 years		Exposure with existing immune reactivity without evidence for disease				Source Organism	Organism	Mycobacterium tuberculosis									Mycobacterium tuberculosis	http://purl.obolibrary.org/obo/NCBITaxon_1773	Mycobacterium tuberculosis	http://purl.obolibrary.org/obo/NCBITaxon_1773																										Restimulation in vitro	PBMC	http://purl.obolibrary.org/obo/CL_2000001	PBMC	http://purl.obolibrary.org/obo/CL_2000001	Epitope	Linear peptide	QAAVVRFQEAANKQK		52	66		ESAT-6-like protein esxB	http://www.ncbi.nlm.nih.gov/protein/P0A566.2	ESAT-6-like protein EsxB	http://www.uniprot.org/uniprot/P9WNK5	Mycobacterium tuberculosis	http://purl.obolibrary.org/obo/NCBITaxon_1773	Mycobacterium tuberculosis	http://purl.obolibrary.org/obo/NCBITaxon_1773	N		Donors are asymptomatic teenagers with latent TB infection as determined by QFT test positivity. PBMCs were stimulated with M. tuberculosis lysate for 12 h or pwith a large collection of M. tuberculosis peptides (n = 300) for 4 respectively, and activated CD4+ T cells were selected on the basis of increased surface expression of CD154 or cytokine secretion. Single cells were sorted into 96-well plates and amplified and the TCRs were sequenced. Selected TCRs were lentivirally transduced in  J76-NFATRE-luc cells.	Extended Data Figure 8	biological activity	activation		http://purl.obolibrary.org/obo/OBI_0001407	Positive						Epitope screening was performed with a luciferase assay where transduced cells were co-cultured wit HLA-transduced K562 cells and single peptides and luciferase activity was measured after 8 h.	Lymphoid	http://purl.obolibrary.org/obo/UBERON_0001744	Jurkat-T cell	http://purl.obolibrary.org/obo/CLO_0007043	Engineered	TCR087, TCR088		Bone Marrow	http://purl.obolibrary.org/obo/UBERON_0002371	Lymphoblast		Cell Line / Clone	HLA-DRB5*01:01	http://purl.obolibrary.org/obo/MRO_0001347	MHC binding prediction	II	Epitope	Linear peptide	QAAVVRFQEAANKQK		52	66		ESAT-6-like protein esxB	http://www.ncbi.nlm.nih.gov/protein/P0A566.2	ESAT-6-like protein EsxB	http://www.uniprot.org/uniprot/P9WNK5	Mycobacterium tuberculosis	http://purl.obolibrary.org/obo/NCBITaxon_1773	Mycobacterium tuberculosis	http://purl.obolibrary.org/obo/NCBITaxon_1773